benchmark,algorithm,trace,t_total,t_exec,t_checkpoint,t_recharge,t_rest
aes,milp,1,0.96441681,0.10139322,0.006353739999999997,0.8564534399999999,0.00021641000000011124
aes,milp,2,0.89171175,0.10139322,0.006353739999999997,0.78374774,0.0002170499999999964
aes,milp,3,0.56256075,0.10139322,0.006353739999999997,0.45459879999999997,0.0002149900000000815
aes,milp,4,6.09341374,0.10139322,0.006353739999999997,5.9854502599999995,0.00021652000000044191
aes,milp,5,6.2039409,0.10139322,0.006353739999999997,6.09597938,0.00021455999999991926
aes,milp,6,1.2472563799999998,0.10139322,0.006353739999999997,1.1392973400000002,0.0002120799999996703
aes,milp,7,5.32929416,0.10139322,0.006353739999999997,5.221329900000001,0.0002172999999992542
aes,milp,8,5.4291373,0.10139322,0.006353739999999997,5.321176400000001,0.0002139399999992464
aes,milp,9,5.86820123,0.10139322,0.006353739999999997,5.76023614,0.00021813000000042715
aes,milp,10,4.08071636,0.10139322,0.006353739999999997,3.9727604,0.0002090000000004033
aes,rockclimb,1,13.53899458,0.10139322,0.44733582,12.994161,-0.0038954599999994066
aes,rockclimb,2,16.45916851,0.10139322,0.44733582,15.91406782,-0.0036283499999982816
aes,rockclimb,3,15.91214259,0.10139322,0.44733582,15.366781609999999,-0.0033680599999983407
aes,rockclimb,4,68.89098270999999,0.10139322,0.44733582,68.34570716,-0.003453490000014714
aes,rockclimb,5,48.36462796,0.10139322,0.44733582,47.819298700000004,-0.0033997800000045153
aes,rockclimb,6,21.698220120000002,0.10139322,0.44733582,21.15280462,-0.003313539999999282
aes,rockclimb,7,36.86395456,0.10139322,0.44733582,36.31847303,-0.0032475099999964563
aes,rockclimb,8,53.21096696,0.10139322,0.44733582,52.66525011,-0.0030121900000019686
aes,rockclimb,9,53.34752488,0.10139322,0.44733582,52.80185669,-0.0030608499999993377
aes,rockclimb,10,47.322340200000006,0.10139322,0.44733582,46.776713990000005,-0.0031028299999982245
aes,schematic,1,35.29294651,0.10139322,1.2077665499999999,33.99175231,-0.007965570000002309
aes,schematic,2,40.87192274,0.10139322,1.2077665499999999,39.57064108,-0.007878109999999161
aes,schematic,3,32.14547836,0.10139322,1.2077665499999999,30.84386212,-0.007543530000002185
aes,schematic,4,146.72123587000002,0.10139322,1.2077665499999999,145.41986968999998,-0.007793589999969264
aes,schematic,5,117.82280951,0.10139322,1.2077665499999999,116.52151134,-0.007861600000004465
aes,schematic,6,51.11499211,0.10139322,1.2077665499999999,49.813779350000004,-0.00794701000000142
aes,schematic,7,88.63204304000001,0.10139322,1.2077665499999999,87.3308452,-0.007961929999985351
aes,schematic,8,125.57277622,0.10139322,1.2077665499999999,124.27131156,-0.007695110000006444
aes,schematic,9,123.36988189,0.10139322,1.2077665499999999,122.06872859,-0.008006470000004207
aes,schematic,10,110.47117757,0.10139322,1.2077665499999999,109.17005025,-0.008032450000007962
aes,schematicO3,1,3.39734334,0.10139322,0.024793919999999997,3.27184734,-0.0006911399999999512
aes,schematicO3,2,4.454920990000001,0.10139322,0.024793919999999997,4.329413639999999,-0.0006797899999987644
aes,schematicO3,3,1.37192622,0.10139322,0.024793919999999997,1.2463765800000002,-0.0006375000000002073
aes,schematicO3,4,14.55244359,0.10139322,0.024793919999999997,14.42692523,-0.0006687800000008404
aes,schematicO3,5,12.40079926,0.10139322,0.024793919999999997,12.2752866,-0.0006744799999999496
aes,schematicO3,6,5.202566780000001,0.10139322,0.024793919999999997,5.07705753,-0.0006778899999996535
aes,schematicO3,7,9.996464060000001,0.10139322,0.024793919999999997,9.87096483,-0.0006879099999991534
aes,schematicO3,8,11.61938643,0.10139322,0.024793919999999997,11.49385705,-0.0006577600000003125
aes,schematicO3,9,13.39757357,0.10139322,0.024793919999999997,13.27207191,-0.0006854799999988226
aes,schematicO3,10,11.89784587,0.10139322,0.024793919999999997,11.77234971,-0.0006909800000009236
crc,milp,1,0.09518239,0.02959565,0.0008860899999999991,0.06471995999999999,-1.930999999998767e-05
crc,milp,2,0.42364127,0.02959565,0.0008860899999999991,0.39317693,-1.7399999999966054e-05
crc,milp,3,0.11947484,0.02959565,0.0008860899999999991,0.0890128,-1.9700000000004436e-05
crc,milp,4,0.83856884,0.02959565,0.0008860899999999991,0.80810663,-1.953000000006616e-05
crc,milp,5,0.09495381,0.02959565,0.0008860899999999991,0.06449178,-1.9709999999999173e-05
crc,milp,6,0.6670841999999999,0.02959565,0.0008860899999999991,0.63662171,-1.925000000010252e-05
crc,milp,7,1.86039906,0.02959565,0.0008860899999999991,1.82993683,-1.9510000000076688e-05
crc,milp,8,0.84822929,0.02959565,0.0008860899999999991,0.81776558,-1.8029999999967516e-05
crc,milp,9,0.8967488,0.02959565,0.0008860899999999991,0.86628569,-1.862999999998477e-05
crc,milp,10,0.09515414999999999,0.02959565,0.0008860899999999991,0.06469458,-2.217000000000885e-05
crc,rockclimb,1,2.68157701,0.02959565,0.11350290999999998,2.53932469,-0.0008462400000001091
crc,rockclimb,2,4.34482153,0.02959565,0.11350290999999998,4.20257309,-0.0008501199999996212
crc,rockclimb,3,3.95232574,0.02959565,0.11350290999999998,3.81003871,-0.0008115300000001158
crc,rockclimb,4,16.50216656,0.02959565,0.11350290999999998,16.35989483,-0.0008268300000026096
crc,rockclimb,5,11.18562577,0.02959565,0.11350290999999998,11.04339344,-0.0008662299999994127
crc,rockclimb,6,4.69380096,0.02959565,0.11350290999999998,4.55160027,-0.0008978699999998563
crc,rockclimb,7,9.009642300000001,0.02959565,0.11350290999999998,8.86746681,-0.0009230699999985825
crc,rockclimb,8,11.57771148,0.02959565,0.11350290999999998,11.435516960000001,-0.0009040400000014381
crc,rockclimb,9,10.93091358,0.02959565,0.11350290999999998,10.788766390000001,-0.0009513700000006731
crc,rockclimb,10,8.05726089,0.02959565,0.11350290999999998,7.91511688,-0.0009545499999999985
crc,schematic,1,8.57168532,0.02959565,0.28974898000000004,8.25488728,-0.002546589999999904
crc,schematic,2,12.17862809,0.02959565,0.28974898000000004,11.861760720000001,-0.002477260000001147
crc,schematic,3,8.98413926,0.02959565,0.28974898000000004,8.667121230000001,-0.002326600000001955
crc,schematic,4,42.749186380000005,0.02959565,0.28974898000000004,42.43228045,-0.002438699999995686
crc,schematic,5,34.10069279,0.02959565,0.28974898000000004,33.783821270000004,-0.0024731100000077166
crc,schematic,6,12.021859130000001,0.02959565,0.28974898000000004,11.70500438,-0.002489879999999056
crc,schematic,7,26.21307602,0.02959565,0.28974898000000004,25.89623461,-0.0025032200000014715
crc,schematic,8,34.703039049999994,0.02959565,0.28974898000000004,34.386093130000006,-0.0023987100000122386
crc,schematic,9,35.8351421,0.02959565,0.28974898000000004,35.518316,-0.002518529999999908
crc,schematic,10,31.58521056,0.02959565,0.28974898000000004,31.26837726,-0.002511330000001033
crc,schematicO3,1,0.11340513,0.02959565,0.008726400000000002,0.07497767,0.00010541000000000716
crc,schematicO3,2,0.53957824,0.02959565,0.008726400000000002,0.50115012,0.0001060699999999512
crc,schematicO3,3,0.13765299,0.02959565,0.008726400000000002,0.09922517,0.00010576999999999809
crc,schematicO3,4,1.45234116,0.02959565,0.008726400000000002,1.4139126100000001,0.0001064999999998914
crc,schematicO3,5,1.8346935,0.02959565,0.008726400000000002,1.79626566,0.00010578999999998756
crc,schematicO3,6,0.69911015,0.02959565,0.008726400000000002,0.6606836700000001,0.00010442999999992625
crc,schematicO3,7,2.0252344,0.02959565,0.008726400000000002,1.9868073,0.000105050000000044
crc,schematicO3,8,0.86780382,0.02959565,0.008726400000000002,0.82937635,0.00010542000000001578
crc,schematicO3,9,0.91486139,0.02959565,0.008726400000000002,0.8764356999999999,0.00010364000000006451
crc,schematicO3,10,0.11350011,0.02959565,0.008726400000000002,0.07507488000000001,0.00010317999999998745
rsa,milp,1,0.1997146,0.04371333,0.0038689399999999943,0.15225016,-0.00011782999999999932
rsa,milp,2,0.66633853,0.04371333,0.0038689399999999943,0.6188714000000001,-0.00011514000000008295
rsa,milp,3,0.25635029,0.04371333,0.0038689399999999943,0.20887735999999998,-0.00010933999999999944
rsa,milp,4,3.4386735699999997,0.04371333,0.0038689399999999943,3.3912016,-0.00011030000000029905
rsa,milp,5,3.12751224,0.04371333,0.0038689399999999943,3.08004194,-0.00011196999999991963
rsa,milp,6,1.0840865,0.04371333,0.0038689399999999943,1.03661635,-0.00011212000000011824
rsa,milp,7,3.04412634,0.04371333,0.0038689399999999943,2.9966549,-0.00011082999999974252
rsa,milp,8,2.33895903,0.04371333,0.0038689399999999943,2.29148579,-0.00010903000000002383
rsa,milp,9,3.36470584,0.04371333,0.0038689399999999943,3.3172350600000002,-0.00011149000000017228
rsa,milp,10,0.1998017,0.04371333,0.0038689399999999943,0.15233235,-0.00011292000000000246
rsa,rockclimb,1,31.13397632,0.04371333,1.3390340599999997,29.76598924,-0.014760310000000887
rsa,rockclimb,2,39.5806586,0.04371333,1.3390340599999997,38.21269466,-0.014783449999997034
rsa,rockclimb,3,35.64164923,0.04371333,1.3390340599999997,34.2731885,-0.014286660000004447
rsa,rockclimb,4,152.74576850999998,0.04371333,1.3390340599999997,151.37770349000002,-0.014682370000039358
rsa,rockclimb,5,108.53959954000001,0.04371333,1.3390340599999997,107.1717312,-0.014879049999984462
rsa,rockclimb,6,47.529855479999995,0.04371333,1.3390340599999997,46.16188516,-0.014777070000002057
rsa,rockclimb,7,81.65253577,0.04371333,1.3390340599999997,80.28465285,-0.01486447000000024
rsa,rockclimb,8,121.04256603,0.04371333,1.3390340599999997,119.67419197,-0.014373329999991968
rsa,rockclimb,9,118.334987,0.04371333,1.3390340599999997,116.96685416,-0.01461454999999856
rsa,rockclimb,10,102.62865141,0.04371333,1.3390340599999997,101.25963826,-0.01373423999999912
rsa,schematic,1,2.70427165,0.04371333,0.06418728999999998,2.59580958,0.0005614499999998662
rsa,schematic,2,4.30252196,0.04371333,0.06418728999999998,4.19404294,0.0005783999999998818
rsa,schematic,3,1.30227491,0.04371333,0.06418728999999998,1.1937525,0.0006217899999999693
rsa,schematic,4,13.93348205,0.04371333,0.06418728999999998,13.8249884,0.0005930299999997862
rsa,schematic,5,11.178451449999999,0.04371333,0.06418728999999998,11.06996261,0.000588219999999709
rsa,schematic,6,4.69177507,0.04371333,0.06418728999999998,4.5832913,0.0005831500000003237
rsa,schematic,7,9.01610892,0.04371333,0.06418728999999998,8.907626789999998,0.0005815100000022971
rsa,schematic,8,10.14909125,0.04371333,0.06418728999999998,10.040577599999999,0.0006130300000008054
rsa,schematic,9,10.92159594,0.04371333,0.06418728999999998,10.81311857,0.0005767499999992515
rsa,schematic,10,8.0790095,0.04371333,0.06418728999999998,7.970531650000001,0.0005772299999989988
rsa,schematicO3,1,0.86573234,0.04371333,0.012992030000000002,0.8092539200000001,-0.00022694000000008513
rsa,schematicO3,2,0.778328,0.04371333,0.012992030000000002,0.7218483299999999,-0.0002256899999999104
rsa,schematicO3,3,0.58600177,0.04371333,0.012992030000000002,0.52949425,-0.000197840000000081
rsa,schematicO3,4,6.05554736,0.04371333,0.012992030000000002,5.99905391,-0.00021190999999950305
rsa,schematicO3,5,4.9493605,0.04371333,0.012992030000000002,4.8928749400000004,-0.00021980000000040162
rsa,schematicO3,6,1.16953652,0.04371333,0.012992030000000002,1.11306073,-0.00022956999999986655
rsa,schematicO3,7,4.43274069,0.04371333,0.012992030000000002,4.37626399,-0.00022865999999984593
rsa,schematicO3,8,5.380932179999999,0.04371333,0.012992030000000002,5.324452679999999,-0.00022585999999998746
rsa,schematicO3,9,5.84586951,0.04371333,0.012992030000000002,5.78939844,-0.00023429000000026873
rsa,schematicO3,10,4.00819379,0.04371333,0.012992030000000002,3.9517275499999998,-0.00023911999999978034
dijkstra,milp,1,0.11467244,0.025736259999999997,0.0021177700000000015,0.08679619000000001,2.221999999999294e-05
dijkstra,milp,2,0.54209664,0.025736259999999997,0.0021177700000000015,0.5142161,2.651000000006634e-05
dijkstra,milp,3,0.13814239,0.025736259999999997,0.0021177700000000015,0.1102644,2.3960000000006892e-05
dijkstra,milp,4,1.4561781399999998,0.025736259999999997,0.0021177700000000015,1.42830032,2.3789999999832695e-05
dijkstra,milp,5,1.85141077,0.025736259999999997,0.0021177700000000015,1.82353215,2.4590000000077744e-05
dijkstra,milp,6,0.7026165,0.025736259999999997,0.0021177700000000015,0.67473912,2.334999999995327e-05
dijkstra,milp,7,2.02260299,0.025736259999999997,0.0021177700000000015,1.99472338,2.5580000000278297e-05
dijkstra,milp,8,0.86986618,0.025736259999999997,0.0021177700000000015,0.8419830500000001,2.9099999999979836e-05
dijkstra,milp,9,0.90719061,0.025736259999999997,0.0021177700000000015,0.87931149,2.509000000003661e-05
dijkstra,milp,10,0.11467780999999999,0.025736259999999997,0.0021177700000000015,0.08680055,2.3229999999988676e-05
dijkstra,rockclimb,1,41.22700374,0.025736259999999997,1.77773823,39.43953003,-0.016000779999999493
dijkstra,rockclimb,2,51.38798307,0.025736259999999997,1.77773823,49.600327469999996,-0.01581888999999914
dijkstra,rockclimb,3,51.35119614,0.025736259999999997,1.77773823,49.56353283,-0.015811180000000702
dijkstra,rockclimb,4,197.28621644,0.025736259999999997,1.77773823,195.49809208000002,-0.015350130000016504
dijkstra,rockclimb,5,141.39654281,0.025736259999999997,1.77773823,139.60972947,-0.01666114999999091
dijkstra,rockclimb,6,62.593476450000004,0.025736259999999997,1.77773823,60.80768527,-0.01768330999999601
dijkstra,rockclimb,7,106.02267318999999,0.025736259999999997,1.77773823,104.23747118000001,-0.01827248000002224
dijkstra,rockclimb,8,159.45814124,0.025736259999999997,1.77773823,157.67253680000002,-0.01787005000001396
dijkstra,rockclimb,9,153.39157342,0.025736259999999997,1.77773823,151.60643695,-0.018338020000002286
dijkstra,rockclimb,10,137.97113976,0.025736259999999997,1.77773823,136.18574651,-0.01808124000000144
dijkstra,schematic,1,2.74330828,0.025736259999999997,0.08797391,2.62751065,0.0020874599999998744
dijkstra,schematic,2,4.33969362,0.025736259999999997,0.08797391,4.22386543,0.0021180200000002203
dijkstra,schematic,3,1.38099942,0.025736259999999997,0.08797391,1.26512225,0.0021670000000000855
dijkstra,schematic,4,16.4841102,0.025736259999999997,0.08797391,16.36826597,0.0021340600000004373
dijkstra,schematic,5,12.41149481,0.025736259999999997,0.08797391,12.29566048,0.002124160000000208
dijkstra,schematic,6,5.18173667,0.025736259999999997,0.08797391,5.06591958,0.0021069200000001786
dijkstra,schematic,7,9.16641431,0.025736259999999997,0.08797391,9.05059644,0.0021077000000007673
dijkstra,schematic,8,11.603642259999999,0.025736259999999997,0.08797391,11.48779232,0.0021397699999985975
dijkstra,schematic,9,13.35334435,0.025736259999999997,0.08797391,13.23753545,0.0020987300000011033
dijkstra,schematic,10,11.87439402,0.025736259999999997,0.08797391,11.75858955,0.002094300000000493
dijkstra,schematicO3,1,0.12724053,0.025736259999999997,0.004129770000000001,0.09744633,-7.183000000000536e-05
dijkstra,schematicO3,2,0.56624615,0.025736259999999997,0.004129770000000001,0.53645196,-7.183999999994459e-05
dijkstra,schematicO3,3,0.18376046,0.025736259999999997,0.004129770000000001,0.15396374,-6.930999999999951e-05
dijkstra,schematicO3,4,2.61895799,0.025736259999999997,0.004129770000000001,2.58916092,-6.895999999968414e-05
dijkstra,schematicO3,5,1.86932625,0.025736259999999997,0.004129770000000001,1.83953027,-7.004999999994307e-05
dijkstra,schematicO3,6,0.8797651999999999,0.025736259999999997,0.004129770000000001,0.84997048,-7.131000000005702e-05
dijkstra,schematicO3,7,2.05382069,0.025736259999999997,0.004129770000000001,2.02402259,-6.793000000017077e-05
dijkstra,schematicO3,8,0.89025966,0.025736259999999997,0.004129770000000001,0.86046213,-6.850000000003728e-05
dijkstra,schematicO3,9,0.93125136,0.025736259999999997,0.004129770000000001,0.90145942,-7.409000000003704e-05
dijkstra,schematicO3,10,0.11627962,0.025736259999999997,0.004129770000000001,0.08648908999999999,-7.549999999998877e-05
qsort,milp,1,0.13879435999999998,0.02848489,0.001594459999999999,0.1087308,-1.5790000000022453e-05
qsort,milp,2,0.56749581,0.02848489,0.001594459999999999,0.53743202,-1.5559999999963103e-05
qsort,milp,3,0.16231043,0.02848489,0.001594459999999999,0.13224333,-1.2249999999984496e-05
qsort,milp,4,3.40064554,0.02848489,0.001594459999999999,3.3705766400000003,-1.045000000015478e-05
qsort,milp,5,1.88331217,0.02848489,0.001594459999999999,1.8532483100000001,-1.5490000000166482e-05
qsort,milp,6,0.7223743499999999,0.02848489,0.001594459999999999,0.6923092900000001,-1.4290000000131975e-05
qsort,milp,7,2.0451064,0.02848489,0.001594459999999999,2.01504183,-1.4780000000040594e-05
qsort,milp,8,0.89082711,0.02848489,0.001594459999999999,0.86075727,-9.50999999998342e-06
qsort,milp,9,0.9438391700000001,0.02848489,0.001594459999999999,0.91377521,-1.538999999988605e-05
qsort,milp,10,0.12788579,0.02848489,0.001594459999999999,0.0978255,-1.905999999999436e-05
qsort,rockclimb,1,7.71612488,0.02848489,0.32714365,7.364364139999999,-0.0038677999999995327
qsort,rockclimb,2,9.48600068,0.02848489,0.32714365,9.134195349999999,-0.0038232099999987446
qsort,rockclimb,3,8.49593351,0.02848489,0.32714365,8.14388074,-0.003575769999999756
qsort,rockclimb,4,37.52802084,0.02848489,0.32714365,37.176109520000004,-0.0037172200000007427
qsort,rockclimb,5,27.979137079999997,0.02848489,0.32714365,27.62729825,-0.0037897100000016115
qsort,rockclimb,6,11.48804768,0.02848489,0.32714365,11.13619108,-0.0037719400000003622
qsort,rockclimb,7,22.4898063,0.02848489,0.32714365,22.13787566,-0.003697899999997367
qsort,rockclimb,8,30.09959583,0.02848489,0.32714365,29.74747341,-0.0035061200000029435
qsort,rockclimb,9,30.8708612,0.02848489,0.32714365,30.51881211,-0.0035794499999987073
qsort,rockclimb,10,27.605961079999997,0.02848489,0.32714365,27.2538908,-0.003558260000004032
qsort,schematic,1,0.21949623000000001,0.02848489,0.01695626,0.17448843,-0.00043334999999998514
qsort,schematic,2,0.73071533,0.02848489,0.01695626,0.68570315,-0.0004289700000000424
qsort,schematic,3,0.34119784000000003,0.02848489,0.01695626,0.29617083,-0.00041413999999996565
qsort,schematic,4,6.027990730000001,0.02848489,0.01695626,5.9829621799999995,-0.0004125999999986113
qsort,schematic,5,3.1775257900000002,0.02848489,0.01695626,3.13250624,-0.0004215999999998693
qsort,schematic,6,1.1318261299999999,0.02848489,0.01695626,1.08680861,-0.0004236300000001886
qsort,schematic,7,3.48607885,0.02848489,0.01695626,3.44106046,-0.00042275999999992486
qsort,schematic,8,2.4147245099999997,0.02848489,0.01695626,2.3696971600000003,-0.0004138000000006442
qsort,schematic,9,3.41111444,0.02848489,0.01695626,3.36610062,-0.00042733000000012844
qsort,schematic,10,3.95389586,0.02848489,0.01695626,3.90888373,-0.00042902000000007157
qsort,schematicO3,1,0.19355909,0.02848489,0.012877370000000006,0.15245282000000002,-0.0002559900000000323
qsort,schematicO3,2,0.70404302,0.02848489,0.012877370000000006,0.6629285,-0.0002477400000000726
qsort,schematicO3,3,0.30476535,0.02848489,0.012877370000000006,0.26364202000000003,-0.00023893000000004688
qsort,schematicO3,4,4.07941685,0.02848489,0.012877370000000006,4.0382944,-0.00023980999999952818
qsort,schematicO3,5,3.16773407,0.02848489,0.012877370000000006,3.12661137,-0.00023956000000015937
qsort,schematicO3,6,1.1167911499999998,0.02848489,0.012877370000000006,1.07567085,-0.00024196000000022838
qsort,schematicO3,7,3.0606501,0.02848489,0.012877370000000006,3.01953325,-0.0002454099999996892
qsort,schematicO3,8,2.38046666,0.02848489,0.012877370000000006,2.3393403999999998,-0.0002359999999995907
qsort,schematicO3,9,3.3818089700000002,0.02848489,0.012877370000000006,3.3406921,-0.00024538999999981076
qsort,schematicO3,10,0.19397182000000002,0.02848489,0.012877370000000006,0.15285943,-0.00024986999999997844
activity_recognition,milp,1,0.14432948,0.03357758,0.0022868300000000036,0.10849128,-2.6209999999991795e-05
activity_recognition,milp,2,0.61937518,0.03357758,0.0022868300000000036,0.58353473,-2.3959999999982606e-05
activity_recognition,milp,3,0.17873529999999999,0.03357758,0.0022868300000000036,0.14289293,-2.2040000000021764e-05
activity_recognition,milp,4,3.27305998,0.03357758,0.0022868300000000036,3.23721848,-2.2909999999924657e-05
activity_recognition,milp,5,1.8987318999999998,0.03357758,0.0022868300000000036,1.86289117,-2.3680000000129986e-05
activity_recognition,milp,6,1.03435934,0.03357758,0.0022868300000000036,0.9985161800000001,-2.1250000000132274e-05
activity_recognition,milp,7,2.05831777,0.03357758,0.0022868300000000036,2.02247507,-2.1710000000112195e-05
activity_recognition,milp,8,0.91812561,0.03357758,0.0022868300000000036,0.88227899,-1.7789999999955064e-05
activity_recognition,milp,9,2.6291882,0.03357758,0.0022868300000000036,2.59334423,-2.0439999999836977e-05
activity_recognition,milp,10,0.14443616,0.03357758,0.0022868300000000036,0.10859675,-2.5000000000004186e-05
activity_recognition,rockclimb,1,3.3642782700000002,0.03357758,0.12713280000000002,3.20465529,-0.0010873999999995998
activity_recognition,rockclimb,2,4.53743713,0.03357758,0.12713280000000002,4.37775753,-0.0010307800000004252
activity_recognition,rockclimb,3,4.04510595,0.03357758,0.12713280000000002,3.88535997,-0.0009644000000001707
activity_recognition,rockclimb,4,16.561704470000002,0.03357758,0.12713280000000002,16.40201307,-0.0010189799999966442
activity_recognition,rockclimb,5,12.46687773,0.03357758,0.12713280000000002,12.30719133,-0.0010239800000000077
activity_recognition,rockclimb,6,9.27729737,0.03357758,0.12713280000000002,9.11759941,-0.0010124200000009853
activity_recognition,rockclimb,7,10.00797798,0.03357758,0.12713280000000002,9.8483109,-0.0010432999999998305
activity_recognition,rockclimb,8,14.62442591,0.03357758,0.12713280000000002,14.464725640000001,-0.0010101100000017016
activity_recognition,rockclimb,9,13.38724621,0.03357758,0.12713280000000002,13.227593859999999,-0.001058029999998239
activity_recognition,rockclimb,10,11.86193257,0.03357758,0.12713280000000002,11.7023107,-0.0010885099999995151
activity_recognition,schematic,1,2.65437786,0.03357758,0.07564777,2.54598445,-0.0008319400000003224
activity_recognition,schematic,2,2.0880890500000002,0.03357758,0.07564777,1.9796749299999998,-0.0008112299999996214
activity_recognition,schematic,3,1.27659337,0.03357758,0.07564777,1.16813447,-0.000766449999999988
activity_recognition,schematic,4,13.90007694,0.03357758,0.07564777,13.79164669,-0.0007951000000003955
activity_recognition,schematic,5,11.13870902,0.03357758,0.07564777,11.03028735,-0.0008036799999997651
activity_recognition,schematic,6,3.7797490099999997,0.03357758,0.07564777,3.67133402,-0.0008103600000004679
activity_recognition,schematic,7,8.98387181,0.03357758,0.07564777,8.87546693,-0.0008204699999998649
activity_recognition,schematic,8,10.120970400000001,0.03357758,0.07564777,10.01253439,-0.0007893399999998746
activity_recognition,schematic,9,10.880080130000001,0.03357758,0.07564777,10.77167383,-0.0008190499999978368
activity_recognition,schematic,10,8.02634963,0.03357758,0.07564777,7.917956650000001,-0.0008323700000003736
activity_recognition,schematicO3,1,0.18076926000000001,0.03357758,0.006421009999999991,0.14147839,-0.0007077199999999881
activity_recognition,schematicO3,2,0.6450110600000001,0.03357758,0.006421009999999991,0.60571518,-0.0007027099999999328
activity_recognition,schematicO3,3,0.25858499,0.03357758,0.006421009999999991,0.21928103,-0.0006946299999999669
activity_recognition,schematicO3,4,3.4490939700000003,0.03357758,0.006421009999999991,3.40979694,-0.0007015599999998165
activity_recognition,schematicO3,5,3.12933638,0.03357758,0.006421009999999991,3.0900362,-0.0006984100000003088
activity_recognition,schematicO3,6,1.0959981,0.03357758,0.006421009999999991,1.0566993500000001,-0.0006998400000000557
activity_recognition,schematicO3,7,3.03811382,0.03357758,0.006421009999999991,2.99881584,-0.0007006099999998169
activity_recognition,schematicO3,8,2.3387864300000003,0.03357758,0.006421009999999991,2.29948127,-0.0006934299999994883
activity_recognition,schematicO3,9,3.35860796,0.03357758,0.006421009999999991,3.31930929,-0.0006999200000000136
activity_recognition,schematicO3,10,0.16982847,0.03357758,0.006421009999999991,0.13053804,-0.0007081599999999785
bitcount,milp,1,0.10538678,0.02794858,0.0016854399999999999,0.07576493,-1.2169999999995379e-05
bitcount,milp,2,0.54733424,0.02794858,0.0016854399999999999,0.51771087,-1.0650000000073795e-05
bitcount,milp,3,0.11894755,0.02794858,0.0016854399999999999,0.08932361999999999,-1.0089999999993854e-05
bitcount,milp,4,0.84967584,0.02794858,0.0016854399999999999,0.82005351,-1.1690000000081496e-05
bitcount,milp,5,1.8392708,0.02794858,0.0016854399999999999,1.80964556,-8.78000000011439e-06
bitcount,milp,6,0.7027992399999999,0.02794858,0.0016854399999999999,0.6731734300000001,-8.210000000136858e-06
bitcount,milp,7,2.01303905,0.02794858,0.0016854399999999999,1.98341268,-7.649999999876506e-06
bitcount,milp,8,0.88214804,0.02794858,0.0016854399999999999,0.85251942,-5.400000000006094e-06
bitcount,milp,9,0.92275156,0.02794858,0.0016854399999999999,0.89312793,-1.0389999999988603e-05
bitcount,milp,10,0.1055759,0.02794858,0.0016854399999999999,0.07595444999999999,-1.2569999999993003e-05
bitcount,rockclimb,1,21.16942311,0.02794858,0.94239807,20.20791492,-0.008838459999999992
bitcount,rockclimb,2,27.83677316,0.02794858,0.94239807,26.87537815,-0.008951639999999594
bitcount,rockclimb,3,24.27021675,0.02794858,0.94239807,23.30901999,-0.009149889999999994
bitcount,rockclimb,4,102.98585642,0.02794858,0.94239807,102.02485126,-0.00934149000000084
bitcount,rockclimb,5,77.51354035,0.02794858,0.94239807,76.55299234,-0.009798640000003411
bitcount,rockclimb,6,32.13597319,0.02794858,0.94239807,31.17558566,-0.00995911999999799
bitcount,rockclimb,7,57.534716270000004,0.02794858,0.94239807,56.57423239,-0.009862769999994692
bitcount,rockclimb,8,84.05138776000001,0.02794858,0.94239807,83.09077966,-0.009738549999984025
bitcount,rockclimb,9,80.9368497,0.02794858,0.94239807,79.97655435,-0.010051300000004426
bitcount,rockclimb,10,71.11157878,0.02794858,0.94239807,70.15108698,-0.009854850000000193
bitcount,schematic,1,1.01822136,0.02794858,0.05485156999999999,0.93632421,-0.0009029999999999039
bitcount,schematic,2,1.68828099,0.02794858,0.05485156999999999,1.6063715600000001,-0.0008907200000001503
bitcount,schematic,3,1.01189765,0.02794858,0.05485156999999999,0.92994223,-0.000844729999999877
bitcount,schematic,4,11.24992671,0.02794858,0.05485156999999999,11.16800006,-0.0008735000000002213
bitcount,schematic,5,8.05678103,0.02794858,0.05485156999999999,7.97486775,-0.0008868699999997898
bitcount,schematic,6,1.60287876,0.02794858,0.05485156999999999,1.5209783000000001,-0.0008996900000000363
bitcount,schematic,7,6.51837188,0.02794858,0.05485156999999999,6.43646838,-0.0008966499999998601
bitcount,schematic,8,6.98504389,0.02794858,0.05485156999999999,6.90311784,-0.0008741000000001276
bitcount,schematic,9,8.36656598,0.02794858,0.05485156999999999,8.28466076,-0.000894929999998767
bitcount,schematic,10,7.893161940000001,0.02794858,0.05485156999999999,7.8112675199999995,-0.0009057299999988555
bitcount,schematicO3,1,0.11726514,0.02794858,0.0024515199999999987,0.08690882000000001,-4.3780000000007147e-05
bitcount,schematicO3,2,0.56815342,0.02794858,0.0024515199999999987,0.53779447,-4.1150000000003684e-05
bitcount,schematicO3,3,0.14166532999999998,0.02794858,0.0024515199999999987,0.11130825,-4.30200000000186e-05
bitcount,schematicO3,4,2.6204096299999997,0.02794858,0.0024515199999999987,2.5900508700000002,-4.13400000005143e-05
bitcount,schematicO3,5,1.8752861200000002,0.02794858,0.0024515199999999987,1.8449266599999998,-4.06399999996615e-05
bitcount,schematicO3,6,0.72482485,0.02794858,0.0024515199999999987,0.69446314,-3.8390000000013136e-05
bitcount,schematicO3,7,2.02280728,0.02794858,0.0024515199999999987,1.99244692,-3.97400000000242e-05
bitcount,schematicO3,8,0.89383427,0.02794858,0.0024515199999999987,0.86347171,-3.753999999996094e-05
bitcount,schematicO3,9,0.92366074,0.02794858,0.0024515199999999987,0.89330436,-4.372000000003873e-05
bitcount,schematicO3,10,0.11714839,0.02794858,0.0024515199999999987,0.08679362,-4.532999999999621e-05
chacha20,milp,1,0.15946795000000002,0.050961769999999997,0.0007848000000000022,0.10756117,0.00016021000000002866
chacha20,milp,2,0.62251998,0.050961769999999997,0.0007848000000000022,0.57060988,0.00016352999999996037
chacha20,milp,3,0.20849003,0.050961769999999997,0.0007848000000000022,0.15658084,0.00016261999999999527
chacha20,milp,4,3.3928553,0.050961769999999997,0.0007848000000000022,3.34094488,0.00016385000000001398
chacha20,milp,5,1.8951273400000002,0.050961769999999997,0.0007848000000000022,1.84322215,0.00015862000000026882
chacha20,milp,6,1.04023939,0.050961769999999997,0.0007848000000000022,0.9883312,0.00016162000000002202
chacha20,milp,7,2.0795258899999998,0.050961769999999997,0.0007848000000000022,2.02761881,0.00016050999999988463
chacha20,milp,8,0.91417211,0.050961769999999997,0.0007848000000000022,0.86226201,0.00016352999999996037
chacha20,milp,9,2.50425092,0.050961769999999997,0.0007848000000000022,2.45234278,0.00016157000000010385
chacha20,milp,10,0.15950356,0.050961769999999997,0.0007848000000000022,0.1075984,0.00015858999999999318
chacha20,rockclimb,1,2.53496393,0.050961769999999997,0.04325508000000001,2.4411874399999998,-0.0004403599999997926
chacha20,rockclimb,2,1.7100456000000002,0.050961769999999997,0.04325508000000001,1.61623407,-0.0004053199999998064
chacha20,rockclimb,3,1.1208423799999998,0.050961769999999997,0.04325508000000001,1.02697134,-0.0003458100000002101
chacha20,rockclimb,4,11.285007160000001,0.050961769999999997,0.04325508000000001,11.19118378,-0.00039346999999832766
chacha20,rockclimb,5,8.06951225,0.050961769999999997,0.04325508000000001,7.97571686,-0.0004214599999996377
chacha20,rockclimb,6,1.65160504,0.050961769999999997,0.04325508000000001,1.5578158,-0.0004276100000000088
chacha20,rockclimb,7,6.53101391,0.050961769999999997,0.04325508000000001,6.43720578,-0.00040871999999979314
chacha20,rockclimb,8,6.99774592,0.050961769999999997,0.04325508000000001,6.903935519999999,-0.00040644999999937814
chacha20,rockclimb,9,8.417272839999999,0.050961769999999997,0.04325508000000001,8.323453650000001,-0.00039766000000217294
chacha20,rockclimb,10,7.92225348,0.050961769999999997,0.04325508000000001,7.82845314,-0.0004165099999995231
chacha20,schematic,1,2.52230289,0.050961769999999997,0.04448922,2.42690442,-5.2519999999875444e-05
chacha20,schematic,2,1.6670223,0.050961769999999997,0.04448922,1.5716234,-5.2090000000046266e-05
chacha20,schematic,3,0.76931133,0.050961769999999997,0.04448922,0.67389851,-3.817000000004567e-05
chacha20,schematic,4,8.65280143,0.050961769999999997,0.04448922,8.55739728,-4.683999999975652e-05
chacha20,schematic,5,6.26906583,0.050961769999999997,0.04448922,6.173664280000001,-4.9440000000830486e-05
chacha20,schematic,6,1.60626949,0.050961769999999997,0.04448922,1.51087514,-5.6639999999927304e-05
chacha20,schematic,7,5.6672433799999995,0.050961769999999997,0.04448922,5.5718431399999995,-5.074999999997443e-05
chacha20,schematic,8,5.51711685,0.050961769999999997,0.04448922,5.4217097,-4.3840000000225365e-05
chacha20,schematic,9,8.33089312,0.050961769999999997,0.04448922,8.23548447,-4.233999999868343e-05
chacha20,schematic,10,7.883257179999999,0.050961769999999997,0.04448922,7.78785334,-4.715000000053704e-05
chacha20,schematicO3,1,0.88795701,0.050961769999999997,0.010689490000000003,0.82618894,0.00011681000000006436
chacha20,schematicO3,2,0.7763533100000001,0.050961769999999997,0.010689490000000003,0.71457949,0.00012256000000009093
chacha20,schematicO3,3,0.36769704999999997,0.050961769999999997,0.010689490000000003,0.30591894000000003,0.0001268499999999423
chacha20,schematicO3,4,6.036338440000001,0.050961769999999997,0.010689490000000003,5.97456345,0.00012373000000086287
chacha20,schematicO3,5,4.97065462,0.050961769999999997,0.010689490000000003,4.908875559999999,0.00012780000000099656
chacha20,schematicO3,6,1.18180287,0.050961769999999997,0.010689490000000003,1.12003242,0.00011919000000003288
chacha20,schematicO3,7,5.0810276,0.050961769999999997,0.010689490000000003,5.019256980000001,0.00011935999999899971
chacha20,schematicO3,8,5.382134059999999,0.050961769999999997,0.010689490000000003,5.320352,0.00013079999999963954
chacha20,schematicO3,9,5.12335081,0.050961769999999997,0.010689490000000003,5.0615744000000005,0.0001251499999993383
chacha20,schematicO3,10,4.00989243,0.050961769999999997,0.010689490000000003,3.94812106,0.00012010999999977068
sensor_fusion,milp,1,0.10343959,0.02502982,0.0022948399999999994,0.0760286,8.632999999999558e-05
sensor_fusion,milp,2,0.55217773,0.02502982,0.0022948399999999994,0.52476038,9.269000000000638e-05
sensor_fusion,milp,3,0.17118959,0.02502982,0.0022948399999999994,0.14377064,9.428999999999688e-05
sensor_fusion,milp,4,2.61523487,0.02502982,0.0022948399999999994,2.5878187,9.150999999996134e-05
sensor_fusion,milp,5,1.84790326,0.02502982,0.0022948399999999994,1.82048586,9.274000000003557e-05
sensor_fusion,milp,6,0.7098509599999999,0.02502982,0.0022948399999999994,0.68243607,9.022999999996895e-05
sensor_fusion,milp,7,2.01966029,0.02502982,0.0022948399999999994,1.9922441100000001,9.151999999990057e-05
sensor_fusion,milp,8,0.87801023,0.02502982,0.0022948399999999994,0.8505909899999999,9.458000000006628e-05
sensor_fusion,milp,9,0.91954475,0.02502982,0.0022948399999999994,0.89213164,8.845000000001768e-05
sensor_fusion,milp,10,0.1035326,0.02502982,0.0022948399999999994,0.07612246,8.547999999999889e-05
sensor_fusion,rockclimb,1,0.12779288,0.02502982,0.004741439999999996,0.09802321,-1.589999999999231e-06
sensor_fusion,rockclimb,2,0.6159762099999999,0.02502982,0.004741439999999996,0.58620167,3.2799999999076623e-06
sensor_fusion,rockclimb,3,0.18456007000000002,0.02502982,0.004741439999999996,0.15478287,5.9400000000341124e-06
sensor_fusion,rockclimb,4,3.40474833,0.02502982,0.004741439999999996,3.37497464,2.4299999998554644e-06
sensor_fusion,rockclimb,5,1.87567826,0.02502982,0.004741439999999996,1.84590467,2.3300000000191223e-06
sensor_fusion,rockclimb,6,1.05500323,0.02502982,0.004741439999999996,1.0252279499999999,4.020000000184293e-06
sensor_fusion,rockclimb,7,2.06265468,0.02502982,0.004741439999999996,2.03287879,4.630000000251794e-06
sensor_fusion,rockclimb,8,0.89201645,0.02502982,0.004741439999999996,0.86223874,6.44999999995996e-06
sensor_fusion,rockclimb,9,0.93474353,0.02502982,0.004741439999999996,0.90496743,4.839999999974726e-06
sensor_fusion,rockclimb,10,0.12763439999999998,0.02502982,0.004741439999999996,0.09786098,2.1599999999837027e-06
sensor_fusion,schematic,1,0.17632645000000002,0.02502982,0.009647989999999995,0.14186183,-0.0002131899999999673
sensor_fusion,schematic,2,0.63996915,0.02502982,0.009647989999999995,0.60549743,-0.00020609000000001293
sensor_fusion,schematic,3,0.25469356,0.02502982,0.009647989999999995,0.22021878,-0.00020303000000001376
sensor_fusion,schematic,4,3.44341214,0.02502982,0.009647989999999995,3.40893731,-0.00020298000000026212
sensor_fusion,schematic,5,3.1119127,0.02502982,0.009647989999999995,3.0774392,-0.0002043100000001727
sensor_fusion,schematic,6,1.07850076,0.02502982,0.009647989999999995,1.04402911,-0.0002061600000000316
sensor_fusion,schematic,7,3.0315945099999997,0.02502982,0.009647989999999995,2.99712325,-0.00020655000000032592
sensor_fusion,schematic,8,0.92658997,0.02502982,0.009647989999999995,0.8921160600000001,-0.00020390000000011094
sensor_fusion,schematic,9,3.3576302599999996,0.02502982,0.009647989999999995,3.3231613199999996,-0.00020886999999999295
sensor_fusion,schematic,10,0.17640713,0.02502982,0.009647989999999995,0.141942,-0.0002126800000000137
sensor_fusion,schematicO3,1,0.15313529,0.02502982,0.008401039999999999,0.11999789,-0.00029345999999998845
sensor_fusion,schematicO3,2,0.6399222,0.02502982,0.008401039999999999,0.60678073,-0.00028938999999999354
sensor_fusion,schematicO3,3,0.24190619,0.02502982,0.008401039999999999,0.20875838,-0.00028304999999999997
sensor_fusion,schematicO3,4,3.4365928500000003,0.02502982,0.008401039999999999,3.40343886,-0.00027686999999981116
sensor_fusion,schematicO3,5,3.10070158,0.02502982,0.008401039999999999,3.06755481,-0.00028408999999989665
sensor_fusion,schematicO3,6,1.06406054,0.02502982,0.008401039999999999,1.03091317,-0.0002834899999999904
sensor_fusion,schematicO3,7,2.070533,0.02502982,0.008401039999999999,2.03738971,-0.00028756999999961924
sensor_fusion,schematicO3,8,0.9279876,0.02502982,0.008401039999999999,0.89484014,-0.0002833999999999823
sensor_fusion,schematicO3,9,3.34658254,0.02502982,0.008401039999999999,3.31344226,-0.0002905799999999778
sensor_fusion,schematicO3,10,0.15298694000000002,0.02502982,0.008401039999999999,0.11985022000000001,-0.00029413999999999135
poly1305,milp,1,10.187580039999999,0.47549565000000005,0.01820972999999998,9.69383997,3.4689999997616905e-05
poly1305,milp,2,9.76468968,0.47549565000000005,0.01820972999999998,9.27090014,8.415999999983326e-05
poly1305,milp,3,5.18818216,0.47549565000000005,0.01820972999999998,4.69438068,9.610000000009888e-05
poly1305,milp,4,37.32552146,0.47549565000000005,0.01820972999999998,36.831746630000005,6.944999999242141e-05
poly1305,milp,5,29.73663332,0.47549565000000005,0.01820972999999998,29.24285436,7.358000000018405e-05
poly1305,milp,6,11.9517762,0.47549565000000005,0.01820972999999998,11.458008300000001,6.251999999812297e-05
poly1305,milp,7,22.94681775,0.47549565000000005,0.01820972999999998,22.45302814,8.423000000029601e-05
poly1305,milp,8,28.6448615,0.47549565000000005,0.01820972999999998,28.1510746,8.151999999989057e-05
poly1305,milp,9,33.41638969,0.47549565000000005,0.01820972999999998,32.9226105,7.381000000500348e-05
poly1305,milp,10,31.64179292,0.47549565000000005,0.01820972999999998,31.14802746,6.007999999874114e-05
poly1305,rockclimb,1,23.579590850000002,0.47549565000000005,0.3153710799999999,22.79199578,-0.003271659999998122
poly1305,rockclimb,2,28.14799026,0.47549565000000005,0.3153710799999999,27.360297210000002,-0.003173680000002066
poly1305,rockclimb,3,24.48432903,0.47549565000000005,0.3153710799999999,23.696252440000002,-0.0027901400000006626
poly1305,rockclimb,4,108.2031584,0.47549565000000005,0.3153710799999999,107.41536793,-0.003076259999995501
poly1305,rockclimb,5,79.39895453,0.47549565000000005,0.3153710799999999,78.61123733,-0.0031495299999969584
poly1305,rockclimb,6,35.64813657,0.47549565000000005,0.3153710799999999,34.86049019,-0.0032203500000017593
poly1305,rockclimb,7,60.78119166,0.47549565000000005,0.3153710799999999,59.99358292,-0.0032579900000039297
poly1305,rockclimb,8,88.63923892,0.47549565000000005,0.3153710799999999,87.85146589,-0.0030937000000031967
poly1305,rockclimb,9,85.93063003,0.47549565000000005,0.3153710799999999,85.14333017,-0.003566869999995448
poly1305,rockclimb,10,78.85223893999999,0.47549565000000005,0.3153710799999999,78.06503015000001,-0.0036579400000201767
poly1305,schematic,1,20.170911,0.47549565000000005,0.21615264,19.480895309999998,-0.0016325999999973195
poly1305,schematic,2,21.02239467,0.47549565000000005,0.21615264,20.33230619,-0.0015598100000000503
poly1305,schematic,3,13.15395591,0.47549565000000005,0.21615264,12.46371527,-0.0014076499999993164
poly1305,schematic,4,68.94769803,0.47549565000000005,0.21615264,68.257533,-0.0014832599999972107
poly1305,schematic,5,58.99395594,0.47549565000000005,0.21615264,58.303752689999996,-0.001445039999996789
poly1305,schematic,6,26.94085879,0.47549565000000005,0.21615264,26.250687,-0.0014764999999992146
poly1305,schematic,7,44.827211590000005,0.47549565000000005,0.21615264,44.137007479999994,-0.001444179999989581
poly1305,schematic,8,57.81821209,0.47549565000000005,0.21615264,57.1278835,-0.0013197000000000347
poly1305,schematic,9,70.84024921,0.47549565000000005,0.21615264,70.15001197,-0.001411049999998193
poly1305,schematic,10,63.08115817,0.47549565000000005,0.21615264,62.390999619999995,-0.0014897399999933558
poly1305,schematicO3,1,13.525051640000001,0.47549565000000005,0.07588299999999992,12.97336123,0.00031176000000088244
poly1305,schematicO3,2,16.30242625,0.47549565000000005,0.07588299999999992,15.75069485,0.0003527499999995687
poly1305,schematicO3,3,9.2191883,0.47549565000000005,0.07588299999999992,8.66738705,0.0004226000000004948
poly1305,schematicO3,4,53.048626799999994,0.47549565000000005,0.07588299999999992,52.49692057,0.0003275799999935547
poly1305,schematicO3,5,43.4800246,0.47549565000000005,0.07588299999999992,42.92831561,0.00033034000000164987
poly1305,schematicO3,6,20.17131752,0.47549565000000005,0.07588299999999992,19.61967263,0.0002662399999986409
poly1305,schematicO3,7,34.34264569,0.47549565000000005,0.07588299999999992,33.79101311,0.00025392999999618304
poly1305,schematicO3,8,46.96522935,0.47549565000000005,0.07588299999999992,46.413517979999995,0.0003327200000067254
poly1305,schematicO3,9,48.40672822,0.47549565000000005,0.07588299999999992,47.85510821,0.0002413600000006344
poly1305,schematicO3,10,43.466849429999996,0.47549565000000005,0.07588299999999992,42.915232630000006,0.0002381499999908332
cuckoo_filter,milp,1,0.17587102,0.0419908,0.0036814900000000025,0.13023252999999999,-3.3800000000000496e-05
cuckoo_filter,milp,2,0.65164592,0.0419908,0.0036814900000000025,0.6060045500000001,-3.092000000010087e-05
cuckoo_filter,milp,3,0.23352149,0.0419908,0.0036814900000000025,0.18787687,-2.767000000000741e-05
cuckoo_filter,milp,4,3.4294753399999998,0.0419908,0.0036814900000000025,3.38383178,-2.8730000000198874e-05
cuckoo_filter,milp,5,1.9115078600000002,0.0419908,0.0036814900000000025,1.8658688700000001,-3.329999999995836e-05
cuckoo_filter,milp,6,1.0549735500000001,0.0419908,0.0036814900000000025,1.00933147,-3.0209999999863957e-05
cuckoo_filter,milp,7,2.0807236799999997,0.0419908,0.0036814900000000025,2.03508199,-3.060000000038032e-05
cuckoo_filter,milp,8,0.92507414,0.0419908,0.0036814900000000025,0.87942921,-2.7359999999976292e-05
cuckoo_filter,milp,9,3.3542858300000002,0.0419908,0.0036814900000000025,3.30864573,-3.218999999959893e-05
cuckoo_filter,milp,10,0.17586643,0.0419908,0.0036814900000000025,0.130227,-3.2860000000023426e-05
cuckoo_filter,rockclimb,1,8.48999293,0.0419908,0.34759458,8.10534811,-0.004940559999999872
cuckoo_filter,rockclimb,2,9.91372051,0.0419908,0.34759458,9.52903508,-0.004899950000000652
cuckoo_filter,rockclimb,3,9.07434922,0.0419908,0.34759458,8.68941176,-0.00464792000000025
cuckoo_filter,rockclimb,4,42.75699814,0.0419908,0.34759458,42.37225217,-0.004839410000002653
cuckoo_filter,rockclimb,5,31.06344872,0.0419908,0.34759458,30.678730440000002,-0.0048671000000022335
cuckoo_filter,rockclimb,6,15.42822534,0.0419908,0.34759458,15.043564720000001,-0.004924760000001749
cuckoo_filter,rockclimb,7,23.95210017,0.0419908,0.34759458,23.56740061,-0.004885819999998597
cuckoo_filter,rockclimb,8,34.70188487,0.0419908,0.34759458,34.31704521,-0.004745720000002729
cuckoo_filter,rockclimb,9,33.4245837,0.0419908,0.34759458,33.03984995,-0.004851629999997664
cuckoo_filter,rockclimb,10,27.77808302,0.0419908,0.34759458,27.39327892,-0.004781279999999777
cuckoo_filter,schematic,1,7.75064887,0.0419908,0.24351247000000004,7.46519454,-4.893999999971976e-05
cuckoo_filter,schematic,2,8.558954779999999,0.0419908,0.24351247000000004,8.27347571,-2.420000000086242e-05
cuckoo_filter,schematic,3,5.26784964,0.0419908,0.24351247000000004,4.98229704,4.932999999990306e-05
cuckoo_filter,schematic,4,32.27658597,0.0419908,0.24351247000000004,31.99109071,-8.010000002445228e-06
cuckoo_filter,schematic,5,24.89389225,0.0419908,0.24351247000000004,24.60839965,-1.0669999998713653e-05
cuckoo_filter,schematic,6,11.40610809,0.0419908,0.24351247000000004,11.12064767,-4.2850000000316246e-05
cuckoo_filter,schematic,7,20.432877079999997,0.0419908,0.24351247000000004,20.14740739,-3.3580000004251875e-05
cuckoo_filter,schematic,8,25.51137806,0.0419908,0.24351247000000004,25.225857989999998,1.6800000000427584e-05
cuckoo_filter,schematic,9,28.37779885,0.0419908,0.24351247000000004,28.09233239,-3.680999999794432e-05
cuckoo_filter,schematic,10,23.83212255,0.0419908,0.24351247000000004,23.5466603,-4.101999999811534e-05
cuckoo_filter,schematicO3,1,0.84027229,0.0419908,0.01614636,0.7826214499999999,-0.0004863199999999082
cuckoo_filter,schematicO3,2,0.7400746800000001,0.0419908,0.01614636,0.6824179100000001,-0.0004803899999999764
cuckoo_filter,schematicO3,3,0.35544528000000003,0.0419908,0.01614636,0.29778384,-0.000475719999999992
cuckoo_filter,schematicO3,4,6.0117071200000005,0.0419908,0.01614636,5.954046610000001,-0.0004766500000001686
cuckoo_filter,schematicO3,5,3.19642283,0.0419908,0.01614636,3.13876332,-0.0004776499999998643
cuckoo_filter,schematicO3,6,1.13546226,0.0419908,0.01614636,1.07781031,-0.0004852100000001039
cuckoo_filter,schematicO3,7,3.4857384,0.0419908,0.01614636,3.4280820899999997,-0.0004808499999999563
cuckoo_filter,schematicO3,8,2.3955314700000003,0.0419908,0.01614636,2.33786851,-0.0004741999999995153
cuckoo_filter,schematicO3,9,3.42866378,0.0419908,0.01614636,3.37101252,-0.00048589999999990724
cuckoo_filter,schematicO3,10,3.96827466,0.0419908,0.01614636,3.9106209,-0.0004834000000000019
sha256,milp,1,0.89484576,0.08864011,0.010109430000000003,0.7954312099999999,0.0006650100000001047
sha256,milp,2,0.77374761,0.08864011,0.010109430000000003,0.67432995,0.0006681200000000775
sha256,milp,3,0.34372106,0.08864011,0.010109430000000003,0.24429601,0.000675510000000018
sha256,milp,4,5.24378125,0.08864011,0.010109430000000003,5.14435297,0.0006787399999997057
sha256,milp,5,3.2022980899999998,0.08864011,0.010109430000000003,3.1028800899999998,0.0006684600000000096
sha256,milp,6,1.13910497,0.08864011,0.010109430000000003,1.03968093,0.000674499999999939
sha256,milp,7,4.42522683,0.08864011,0.010109430000000003,4.32580729,0.0006699999999995321
sha256,milp,8,2.4116418900000003,0.08864011,0.010109430000000003,2.31222425,0.0006681000000004211
sha256,milp,9,3.43423257,0.08864011,0.010109430000000003,3.33481394,0.0006690899999997335
sha256,milp,10,3.97583258,0.08864011,0.010109430000000003,3.87641194,0.0006710999999999523
sha256,rockclimb,1,3.43565906,0.08864011,0.05878833,3.28875444,-0.0005238200000000637
sha256,rockclimb,2,4.62204603,0.08864011,0.05878833,4.475099,-0.0004814100000002375
sha256,rockclimb,3,4.16460712,0.08864011,0.05878833,4.01760169,-0.0004230099999998904
sha256,rockclimb,4,19.158331710000002,0.08864011,0.05878833,19.01136906,-0.00046578999999746795
sha256,rockclimb,5,14.25979529,0.08864011,0.05878833,14.112861070000001,-0.000494220000001433
sha256,rockclimb,6,6.21969715,0.08864011,0.05878833,6.07277353,-0.0005048200000000724
sha256,rockclimb,7,13.80964631,0.08864011,0.05878833,13.66272299,-0.0005051200000009137
sha256,rockclimb,8,14.747735460000001,0.08864011,0.05878833,14.600759960000001,-0.0004529400000000683
sha256,rockclimb,9,15.85383875,0.08864011,0.05878833,15.706918570000001,-0.0005082600000013704
sha256,rockclimb,10,11.94310293,0.08864011,0.05878833,11.79620095,-0.0005264599999991182
sha256,schematic,1,2.6056444500000002,0.08864011,0.031748020000000016,2.4851826200000002,7.369999999998211e-05
sha256,schematic,2,1.92662379,0.08864011,0.031748020000000016,1.80615619,7.946999999999815e-05
sha256,schematic,3,1.10937575,0.08864011,0.031748020000000016,0.98887354,0.00011408000000004415
sha256,schematic,4,11.30551009,0.08864011,0.031748020000000016,11.185032660000001,8.929999999932048e-05
sha256,schematic,5,9.32227204,0.08864011,0.031748020000000016,9.20178492,9.898999999993774e-05
sha256,schematic,6,1.6845679299999998,0.08864011,0.031748020000000016,1.56410132,7.84799999997976e-05
sha256,schematic,7,8.55738852,0.08864011,0.031748020000000016,8.43691238,8.800999999916681e-05
sha256,schematic,8,10.05397906,0.08864011,0.031748020000000016,9.93348734,0.00010359000000040308
sha256,schematic,9,8.43629691,0.08864011,0.031748020000000016,8.315821549999999,8.723000000035452e-05
sha256,schematic,10,7.96505539,0.08864011,0.031748020000000016,7.84458867,7.858999999957317e-05
sha256,schematicO3,1,2.53774616,0.08864011,0.013168860000000004,2.43576304,0.0001741500000003171
sha256,schematicO3,2,1.6762733600000002,0.08864011,0.013168860000000004,1.5742904199999999,0.00017397000000030083
sha256,schematicO3,3,0.67158174,0.08864011,0.013168860000000004,0.5695922099999999,0.0001805600000001073
sha256,schematicO3,4,8.67622303,0.08864011,0.013168860000000004,8.57423775,0.00017630999999918018
sha256,schematicO3,5,6.28678413,0.08864011,0.013168860000000004,6.18479972,0.00017544000000002669
sha256,schematicO3,6,1.60482303,0.08864011,0.013168860000000004,1.50284374,0.00017031999999983505
sha256,schematicO3,7,5.68658139,0.08864011,0.013168860000000004,5.58460003,0.00017238999999991123
sha256,schematicO3,8,5.5116166,0.08864011,0.013168860000000004,5.409624490000001,0.00018313999999941544
sha256,schematicO3,9,8.32349534,0.08864011,0.013168860000000004,8.22151319,0.00017317999999955092
sha256,schematicO3,10,7.8963661,0.08864011,0.013168860000000004,7.79438312,0.00017400999999983569
stringsearch,milp,1,0.18388120000000002,0.0335595,0.010302330000000005,0.14136292,-0.001343549999999985
stringsearch,milp,2,0.69363608,0.0335595,0.010302330000000005,0.6511076800000001,-0.0013334300000000937
stringsearch,milp,3,0.29521757,0.0335595,0.010302330000000005,0.25268060000000003,-0.0013248600000000527
stringsearch,milp,4,3.47221953,0.0335595,0.010302330000000005,3.42968777,-0.001330070000000308
stringsearch,milp,5,3.13940911,0.0335595,0.010302330000000005,3.09688421,-0.0013369299999999168
stringsearch,milp,6,1.09623546,0.0335595,0.010302330000000005,1.0537063500000001,-0.0013327200000001899
stringsearch,milp,7,3.06181813,0.0335595,0.010302330000000005,3.01928866,-0.0013323600000001573
stringsearch,milp,8,2.3634300099999996,0.0335595,0.010302330000000005,2.32089717,-0.0013289900000002103
stringsearch,milp,9,3.38724348,0.0335595,0.010302330000000005,3.34471744,-0.0013357900000001838
stringsearch,milp,10,0.18423898,0.0335595,0.010302330000000005,0.14171779999999998,-0.001340649999999985
stringsearch,rockclimb,1,45.50524883,0.0335595,1.9747469299999998,43.51601807,-0.019075670000001654
stringsearch,rockclimb,2,55.76366395,0.0335595,1.9747469299999998,53.77391041,-0.01855288999999738
stringsearch,rockclimb,3,51.634006649999996,0.0335595,1.9747469299999998,49.643281439999996,-0.017581219999998954
stringsearch,rockclimb,4,215.61665263999998,0.0335595,1.9747469299999998,213.62612527000002,-0.01777906000003293
stringsearch,rockclimb,5,158.11299877000002,0.0335595,1.9747469299999998,156.12325059,-0.018558249999979015
stringsearch,rockclimb,6,68.28764962999999,0.0335595,1.9747469299999998,66.29888671,-0.019543510000014752
stringsearch,rockclimb,7,116.86747272,0.0335595,1.9747469299999998,114.87931108,-0.02014478999999847
stringsearch,rockclimb,8,176.43372903,0.0335595,1.9747469299999998,174.44553151,-0.020108909999999813
stringsearch,rockclimb,9,170.72010128,0.0335595,1.9747469299999998,168.73197768,-0.020182830000005314
stringsearch,rockclimb,10,149.89499987,0.0335595,1.9747469299999998,147.90620765,-0.019514210000006305
stringsearch,schematic,1,3.4044229599999998,0.0335595,0.11188328,3.2595399300000003,-0.0005597500000005251
stringsearch,schematic,2,4.48083497,0.0335595,0.11188328,4.33591912,-0.0005269299999997035
stringsearch,schematic,3,1.3998466699999998,0.0335595,0.11188328,1.2548953799999998,-0.0004914899999999278
stringsearch,schematic,4,16.368040710000002,0.0335595,0.11188328,16.22313906,-0.0005411299999986685
stringsearch,schematic,5,12.479000560000001,0.0335595,0.11188328,12.33409301,-0.0005352299999989985
stringsearch,schematic,6,5.833727519999999,0.0335595,0.11188328,5.688825690000001,-0.0005409500000015388
stringsearch,schematic,7,10.04325866,0.0335595,0.11188328,9.898360380000002,-0.0005445000000021682
stringsearch,schematic,8,11.63123021,0.0335595,0.11188328,11.48629585,-0.0005084199999993988
stringsearch,schematic,9,13.399769289999998,0.0335595,0.11188328,13.25487894,-0.0005524300000010474
stringsearch,schematic,10,11.90545522,0.0335595,0.11188328,11.76056573,-0.0005532899999993734
stringsearch,schematicO3,1,0.21168259,0.0335595,0.014853110000000003,0.16350526999999998,-0.0002352899999999783
stringsearch,schematicO3,2,0.72172124,0.0335595,0.014853110000000003,0.67353668,-0.00022804999999995884
stringsearch,schematicO3,3,0.34495795,0.0335595,0.014853110000000003,0.29676523,-0.00021988999999997955
stringsearch,schematicO3,4,6.0215808399999995,0.0335595,0.014853110000000003,5.97338487,-0.00021664000000080202
stringsearch,schematicO3,5,3.17876847,0.0335595,0.014853110000000003,3.13057848,-0.00022261999999998588
stringsearch,schematicO3,6,1.1226943600000001,0.0335595,0.014853110000000003,1.07451098,-0.00022922999999978183
stringsearch,schematicO3,7,3.07820211,0.0335595,0.014853110000000003,3.0300163799999997,-0.00022687999999985303
stringsearch,schematicO3,8,2.4047277599999997,0.0335595,0.014853110000000003,2.3565359,-0.00022075000000024853
stringsearch,schematicO3,9,3.41326935,0.0335595,0.014853110000000003,3.36508456,-0.00022781999999991337
stringsearch,schematicO3,10,3.95386833,0.0335595,0.014853110000000003,3.90568406,-0.0002283399999998617
