time_s,voltage_v
0.0000,0.122935
0.0200,0.113566
0.0400,0.105108
0.0600,0.099768
0.0800,0.105511
0.1000,0.114098
0.1200,0.123603
0.1400,0.133189
0.1600,0.143331
0.1800,0.153908
0.2000,0.165588
0.2200,0.177945
0.2400,0.190769
0.2600,0.203344
0.2800,0.207146
0.3000,0.209804
0.3200,0.215942
0.3400,0.224602
0.3600,0.235541
0.3800,0.248985
0.4000,0.264355
0.4200,0.281272
0.4400,0.299517
0.4600,0.318810
0.4800,0.318278
0.5000,0.298615
0.5200,0.284308
0.5400,0.274473
0.5600,0.269068
0.5800,0.267988
0.6000,0.271533
0.6200,0.278831
0.6400,0.289512
0.6600,0.300580
0.6800,0.312341
0.7000,0.327244
0.7200,0.341059
0.7400,0.353690
0.7600,0.367464
0.7800,0.384332
0.8000,0.403875
0.8200,0.425665
0.8400,0.447068
0.8600,0.463775
0.8800,0.470380
0.9000,0.455663
0.9200,0.439359
0.9400,0.425213
0.9600,0.412268
0.9800,0.400499
1.0000,0.389343
1.0200,0.378315
1.0400,0.366143
1.0600,0.352376
1.0800,0.336781
1.1000,0.319873
1.1200,0.300282
1.1400,0.279725
1.1600,0.260021
1.1800,0.241647
1.2000,0.224884
1.2200,0.208878
1.2400,0.194128
1.2600,0.180974
1.2800,0.170043
1.3000,0.164863
1.3200,0.169052
1.3400,0.180636
1.3600,0.199276
1.3800,0.222346
1.4000,0.248712
1.4200,0.275786
1.4400,0.302417
1.4600,0.327517
1.4800,0.352715
1.5000,0.379040
1.5200,0.410714
1.5400,0.440059
1.5600,0.468858
1.5800,0.495215
1.6000,0.515128
1.6200,0.528548
1.6400,0.535452
1.6600,0.535081
1.6800,0.527074
1.7000,0.512945
1.7200,0.486644
1.7400,0.452924
1.7600,0.422620
1.7800,0.393926
1.8000,0.367537
1.8200,0.343459
1.8400,0.322386
1.8600,0.304672
1.8800,0.290849
1.9000,0.279773
1.9200,0.266313
1.9400,0.247648
1.9600,0.230490
1.9800,0.214589
2.0000,0.199638
2.0200,0.186782
2.0400,0.175416
2.0600,0.165556
2.0800,0.157541
2.1000,0.150001
2.1200,0.143742
2.1400,0.136685
2.1600,0.129202
2.1800,0.121171
2.2000,0.112994
2.2200,0.104995
2.2400,0.097649
2.2600,0.090745
2.2800,0.084462
2.3000,0.079089
2.3200,0.077365
2.3400,0.133294
2.3600,0.217771
2.3800,0.295876
2.4000,0.369398
2.4200,0.438489
2.4400,0.504092
2.4600,0.564983
2.4800,0.620968
2.5000,0.672708
2.5200,0.721153
2.5400,0.738988
2.5600,0.708272
2.5800,0.688585
2.6000,0.678073
2.6200,0.673094
2.6400,0.671701
2.6600,0.672724
2.6800,0.675656
2.7000,0.678919
2.7200,0.682326
2.7400,0.682415
2.7600,0.643483
2.7800,0.600008
2.8000,0.562558
2.8200,0.530159
2.8400,0.502054
2.8600,0.478153
2.8800,0.458007
2.9000,0.439375
2.9200,0.422402
2.9400,0.406396
2.9600,0.396633
2.9800,0.390237
3.0000,0.381609
3.0200,0.369897
3.0400,0.356452
3.0600,0.340454
3.0800,0.323538
3.1000,0.305929
3.1200,0.288682
3.1400,0.272555
3.1600,0.256711
3.1800,0.239488
3.2000,0.223031
3.2200,0.208322
3.2400,0.194426
3.2600,0.181417
3.2800,0.169970
3.3000,0.161198
3.3200,0.160787
3.3400,0.171493
3.3600,0.194740
3.3800,0.227784
3.4000,0.267827
3.4200,0.309409
3.4400,0.350169
3.4600,0.387893
3.4800,0.421693
3.5000,0.449653
3.5200,0.472523
3.5400,0.489987
3.5600,0.503173
3.5800,0.517850
3.6000,0.555316
3.6200,0.612059
3.6400,0.687038
3.6600,0.778500
3.6800,0.882101
3.7000,0.996327
3.7200,1.121878
3.7400,1.253868
3.7600,1.391439
3.7800,1.516662
3.8000,1.634539
3.8200,1.753261
3.8400,1.868197
3.8600,1.977172
3.8800,2.135069
3.9000,2.285210
3.9200,2.375755
3.9400,2.519490
3.9600,2.644345
3.9800,2.684937
4.0000,2.642396
4.0200,2.608900
4.0400,2.585120
4.0600,2.570554
4.0800,2.570079
4.1000,2.583629
4.1200,2.607764
4.1400,2.639133
4.1600,2.679541
4.1800,2.728744
4.2000,2.771777
4.2200,2.842256
4.2400,2.908819
4.2600,2.967127
4.2800,3.017742
4.3000,3.065478
4.3200,3.106251
4.3400,3.143274
4.3600,3.188394
4.3800,3.288317
4.4000,3.319517
4.4200,3.313782
4.4400,3.316915
4.4600,3.331407
4.4800,3.350419
4.5000,3.378848
4.5200,3.414599
4.5400,3.455450
4.5600,3.498097
4.5800,3.543572
4.6000,3.580412
4.6200,3.527365
4.6400,3.463281
4.6600,3.419426
4.6800,3.390246
4.7000,3.376279
4.7200,3.375601
4.7400,3.384842
4.7600,3.403098
4.7800,3.426958
4.8000,3.456601
4.8200,3.470797
4.8400,3.468446
4.8600,3.462781
4.8800,3.451792
4.9000,3.433708
4.9200,3.406964
4.9400,3.371307
4.9600,3.328418
4.9800,3.278216
5.0000,3.226337
5.0200,3.236035
5.0400,3.240635
5.0600,3.220029
5.0800,3.185808
5.1000,3.191358
5.1200,3.140310
5.1400,3.052906
5.1600,2.959329
5.1800,2.860994
5.2000,2.761425
5.2200,2.713993
5.2400,2.740296
5.2600,2.715671
5.2800,2.731136
5.3000,2.756714
5.3200,2.732352
5.3400,2.710892
5.3600,2.694547
5.3800,2.693887
5.4000,2.753321
5.4200,2.727873
5.4400,2.591025
5.4600,2.485713
5.4800,2.401250
5.5000,2.332077
5.5200,2.275969
5.5400,2.231695
5.5600,2.198120
5.5800,2.175402
5.6000,2.163345
5.6200,2.148740
5.6400,2.116904
5.6600,2.096556
5.6800,2.083288
5.7000,2.072171
5.7200,2.063528
5.7400,2.055207
5.7600,2.049406
5.7800,2.047191
5.8000,2.048931
5.8200,2.049246
5.8400,2.033095
5.8600,2.007468
5.8800,1.973974
5.9000,1.936201
5.9200,1.893482
5.9400,1.847865
5.9600,1.801336
5.9800,1.755305
6.0000,1.710211
6.0200,1.664619
6.0400,1.624969
6.0600,1.583055
6.0800,1.538966
6.1000,1.493262
6.1200,1.447361
6.1400,1.403048
6.1600,1.361546
6.1800,1.322259
6.2000,1.282578
6.2200,1.247810
6.2400,1.358154
6.2600,1.482015
6.2800,1.547780
6.3000,1.591166
6.3200,1.612869
6.3400,1.615238
6.3600,1.606223
6.3800,1.596016
6.4000,1.553338
6.4200,1.487397
6.4400,1.427511
6.4600,1.385051
6.4800,1.355440
6.5000,1.337332
6.5200,1.328993
6.5400,1.328139
6.5600,1.332265
6.5800,1.340860
6.6000,1.352371
6.6200,1.365121
6.6400,1.353796
6.6600,1.289836
6.6800,1.250663
6.7000,1.220551
6.7200,1.193371
6.7400,1.184832
6.7600,1.171605
6.7800,1.145562
6.8000,1.120526
6.8200,1.097036
6.8400,1.075834
6.8600,1.055752
6.8800,1.033325
6.9000,1.018858
6.9200,0.998365
6.9400,0.968721
6.9600,0.945416
6.9800,0.920855
7.0000,0.895545
7.0200,0.867536
7.0400,0.846190
7.0600,0.869381
7.0800,0.895763
7.1000,0.922515
7.1200,0.952159
7.1400,0.983374
7.1600,1.015129
7.1800,1.044652
7.2000,1.072098
7.2200,1.096344
7.2400,1.108708
7.2600,1.060827
7.2800,1.014436
7.3000,0.981199
7.3200,0.959094
7.3400,0.945739
7.3600,0.939697
7.3800,0.938956
7.4000,0.941356
7.4200,0.943781
7.4400,0.939850
7.4600,0.882173
7.4800,0.822055
7.5000,0.771411
7.5200,0.728387
7.5400,0.697454
7.5600,0.680038
7.5800,0.675825
7.6000,0.684573
7.6200,0.713331
7.6400,0.766360
7.6600,0.801506
7.6800,0.843056
7.7000,0.894425
7.7200,0.975673
7.7400,1.046288
7.7600,1.087763
7.7800,1.126254
7.8000,1.158233
7.8200,1.181376
7.8400,1.194201
7.8600,1.198987
7.8800,1.211255
7.9000,1.226326
7.9200,1.243967
7.9400,1.262543
7.9600,1.280821
7.9800,1.297963
8.0000,1.313906
8.0200,1.325868
8.0400,1.333109
8.0600,1.331572
8.0800,1.256614
8.1000,1.163968
8.1200,1.080917
8.1400,1.005502
8.1600,0.936612
8.1800,0.873602
8.2000,0.815216
8.2200,0.761551
8.2400,0.711777
8.2600,0.666707
8.2800,0.631174
8.3000,0.606420
8.3200,0.582544
8.3400,0.559030
8.3600,0.534759
8.3800,0.509578
8.4000,0.483067
8.4200,0.456920
8.4400,0.433704
8.4600,0.416159
8.4800,0.405913
8.5000,0.394377
8.5200,0.393757
8.5400,0.405260
8.5600,0.427050
8.5800,0.457483
8.6000,0.494111
8.6200,0.534364
8.6400,0.576913
8.6600,0.620042
8.6800,0.663533
8.7000,0.712590
8.7200,0.759151
8.7400,0.802658
8.7600,0.843459
8.7800,0.882205
8.8000,0.918052
8.8200,0.951458
8.8400,0.983019
8.8600,1.012858
8.8800,1.039624
8.9000,1.040109
8.9200,1.027534
8.9400,1.018286
8.9600,1.010190
8.9800,1.003553
9.0000,0.996980
9.0200,0.990696
9.0400,0.984638
9.0600,0.980482
9.0800,0.977380
9.1000,0.992581
9.1200,1.007234
9.1400,1.023474
9.1600,1.041961
9.1800,1.063300
9.2000,1.087296
9.2200,1.113518
9.2400,1.142775
9.2600,1.175536
9.2800,1.210176
9.3000,1.225675
9.3200,1.221356
9.3400,1.217739
9.3600,1.215910
9.3800,1.214501
9.4000,1.213227
9.4200,1.211971
9.4400,1.209869
9.4600,1.204730
9.4800,1.195602
9.5000,1.172966
9.5200,1.132417
9.5400,1.083834
9.5600,1.029926
9.5800,0.972362
9.6000,0.913162
9.6200,0.856202
9.6400,0.802601
9.6600,0.754414
9.6800,0.713114
9.7000,0.684195
9.7200,0.659295
9.7400,0.633969
9.7600,0.609038
9.7800,0.584123
9.8000,0.559336
9.8200,0.534034
9.8400,0.509578
9.8600,0.486152
9.8800,0.463968
9.9000,0.514612
9.9200,0.632028
9.9400,0.746286
9.9600,0.856702
9.9800,0.961229
10.0000,1.059265
10.0200,1.149260
10.0400,1.229065
10.0600,1.299220
10.0800,1.361973
10.1000,1.418071
10.1200,1.469103
10.1400,1.518434
10.1600,1.567153
10.1800,1.613957
10.2000,1.657295
10.2200,1.698900
10.2400,1.739267
10.2600,1.778475
10.2800,1.818655
10.3000,1.826161
10.3200,1.775781
10.3400,1.740179
10.3600,1.717607
10.3800,1.706424
10.4000,1.705683
10.4200,1.713804
10.4400,1.729367
10.4600,1.751874
10.4800,1.782671
10.5000,1.830796
10.5200,1.908354
10.5400,1.980951
10.5600,2.050824
10.5800,2.121721
10.6000,2.193190
10.6200,2.263000
10.6400,2.330877
10.6600,2.396336
10.6800,2.459985
10.7000,2.533821
10.7200,2.650516
10.7400,2.768161
10.7600,2.880578
10.7800,2.989054
10.8000,3.092386
10.8200,3.193985
10.8400,3.294529
10.8600,3.396176
10.8800,3.492668
10.9000,3.578688
10.9200,3.639372
10.9400,3.696522
10.9600,3.749706
10.9800,3.797975
11.0000,3.842518
11.0200,3.882200
11.0400,3.915842
11.0600,3.947227
11.0800,3.976405
11.1000,3.990841
11.1200,3.911870
11.1400,3.821403
11.1600,3.743308
11.1800,3.672135
11.2000,3.606522
11.2200,3.543774
11.2400,3.486804
11.2600,3.434900
11.2800,3.383673
11.3000,3.347859
11.3200,3.446483
11.3400,3.548068
11.3600,3.623680
11.3800,3.675551
11.4000,3.704448
11.4200,3.709982
11.4400,3.696021
11.4600,3.661759
11.4800,3.614833
11.5000,3.560386
11.5200,3.543991
11.5400,3.532786
11.5600,3.502851
11.5800,3.459961
11.6000,3.409178
11.6200,3.351862
11.6400,3.287857
11.6600,3.219223
11.6800,3.144700
11.7000,3.065649
11.7200,2.976787
11.7400,2.880778
11.7600,2.778858
11.7800,2.670557
11.8000,2.557836
11.8200,2.441037
11.8400,2.320621
11.8600,2.197781
11.8800,2.073105
11.9000,1.948630
11.9200,1.858423
11.9400,1.804961
11.9600,1.753727
11.9800,1.704556
12.0000,1.655814
12.0200,1.607987
12.0400,1.562207
12.0600,1.520310
12.0800,1.485504
12.1000,1.459976
12.1200,1.397906
12.1400,1.311319
12.1600,1.234196
12.1800,1.171509
12.2000,1.126647
12.2200,1.099108
12.2400,1.084026
12.2600,1.079105
12.2800,1.080417
12.3000,1.085808
12.3200,1.096729
12.3400,1.118601
12.3600,1.152796
12.3800,1.204747
12.4000,1.225649
12.4200,1.241625
12.4400,1.256840
12.4600,1.271678
12.4800,1.286541
12.5000,1.301967
12.5200,1.328648
12.5400,1.423299
12.5600,1.523018
12.5800,1.619007
12.6000,1.712370
12.6200,1.802207
12.6400,1.889431
12.6600,1.971380
12.6800,2.051766
12.7000,2.128399
12.7200,2.181686
12.7400,2.099609
12.7600,2.013905
12.7800,1.949766
12.8000,1.903262
12.8200,1.873383
12.8400,1.860255
12.8600,1.863403
12.8800,1.883380
12.9000,1.916788
12.9200,1.965153
12.9400,2.049929
12.9600,2.142618
12.9800,2.233604
13.0000,2.323658
13.0200,2.416217
13.0400,2.506344
13.0600,2.595093
13.0800,2.685815
13.1000,2.769393
13.1200,2.844971
13.1400,2.920558
13.1600,2.993213
13.1800,3.057295
13.2000,3.116376
13.2200,3.171831
13.2400,3.223895
13.2600,3.268959
13.2800,3.304928
13.3000,3.333800
13.3200,3.359780
13.3400,3.287827
13.3600,3.149420
13.3800,3.028609
13.4000,2.920081
13.4200,2.825186
13.4400,2.741287
13.4600,2.667608
13.4800,2.602053
13.5000,2.543457
13.5200,2.492078
13.5400,2.454940
13.5600,2.430307
13.5800,2.406639
13.6000,2.386203
13.6200,2.369301
13.6400,2.355503
13.6600,2.343805
13.6800,2.335758
13.7000,2.331973
13.7200,2.331239
13.7400,2.371751
13.7600,2.475499
13.7800,2.566310
13.8000,2.644854
13.8200,2.711280
13.8400,2.766759
13.8600,2.813706
13.8800,2.853728
13.9000,2.886159
13.9200,2.912581
13.9400,2.950065
13.9600,3.021374
13.9800,3.082993
14.0000,3.129973
14.0200,3.163647
14.0400,3.183682
14.0600,3.192422
14.0800,3.191737
14.1000,3.180540
14.1200,3.161633
14.1400,3.119333
14.1600,2.999309
14.1800,2.888358
14.2000,2.747030
14.2200,2.591242
14.2400,2.431129
14.2600,2.270716
14.2800,2.117846
14.3000,1.975506
14.3200,1.847880
14.3400,1.752647
14.3600,1.729858
14.3800,1.728659
14.4000,1.748411
14.4200,1.784773
14.4400,1.834573
14.4600,1.894715
14.4800,1.963613
14.5000,2.038411
14.5200,2.116420
14.5400,2.195357
14.5600,2.263386
14.5800,2.383182
14.6000,2.531921
14.6200,2.622079
14.6400,2.712028
14.6600,2.808342
14.6800,2.909522
14.7000,3.009402
14.7200,3.106814
14.7400,3.195282
14.7600,3.238275
14.7800,3.325253
14.8000,3.433305
14.8200,3.457723
14.8400,3.477354
14.8600,3.498791
14.8800,3.519494
14.9000,3.539456
14.9200,3.558927
14.9400,3.578937
14.9600,3.617316
14.9800,3.659640
15.0000,3.705382
15.0200,3.746709
15.0400,3.782806
15.0600,3.813943
15.0800,3.843570
15.1000,3.870471
15.1200,3.889048
15.1400,3.905506
15.1600,3.956388
15.1800,4.054894
15.2000,4.138371
15.2200,4.211236
15.2400,4.283426
15.2600,4.349492
15.2800,4.411096
15.3000,4.464355
15.3200,4.514784
15.3400,4.559302
15.3600,4.575278
15.3800,4.546888
15.4000,4.526901
15.4200,4.515332
15.4400,4.507132
15.4600,4.497778
15.4800,4.508082
15.5000,4.616452
15.5200,4.637605
15.5400,4.696657
15.5600,4.699282
15.5800,4.668557
15.6000,4.637856
15.6200,4.614213
15.6400,4.596618
15.6600,4.587450
15.6800,4.580006
15.7000,4.580425
15.7200,4.587682
15.7400,4.598913
15.7600,4.610748
15.7800,4.583647
15.8000,4.566431
15.8200,4.565222
15.8400,4.580537
15.8600,4.605665
15.8800,4.638443
15.9000,4.679418
15.9200,4.716838
15.9400,4.748652
15.9600,4.754315
15.9800,4.531871
16.0000,4.298530
16.0200,4.110464
16.0400,3.954735
16.0600,3.824326
16.0800,3.713437
16.1000,3.622777
16.1200,3.550968
16.1400,3.501546
16.1600,3.478860
16.1800,3.474043
16.2000,3.558823
16.2200,3.595614
16.2400,3.616317
16.2600,3.650337
16.2800,3.689817
16.3000,3.734673
16.3200,3.781293
16.3400,3.840277
16.3600,3.996021
16.3800,4.123322
16.4000,4.262906
16.4200,4.375472
16.4400,4.454105
16.4600,4.589866
16.4800,4.650761
16.5000,4.568977
16.5200,4.455863
16.5400,4.319314
16.5600,4.169223
16.5800,4.050367
16.6000,3.973125
16.6200,3.912563
16.6400,3.862681
16.6600,3.826276
16.6800,3.801649
16.7000,3.791451
16.7200,3.795117
16.7400,3.830717
16.7600,3.943111
16.7800,3.957104
16.8000,3.936360
16.8200,3.890085
16.8400,3.825406
16.8600,3.747635
16.8800,3.656758
16.9000,3.546683
16.9200,3.418693
16.9400,3.282565
16.9600,3.149251
16.9800,3.038114
17.0000,2.958959
17.0200,2.886257
17.0400,2.832460
17.0600,2.804219
17.0800,2.801769
17.1000,2.821434
17.1200,2.857158
17.1400,2.901853
17.1600,2.947478
17.1800,2.974571
17.2000,2.929232
17.2200,2.859448
17.2400,2.767506
17.2600,2.659972
17.2800,2.539477
17.3000,2.410167
17.3200,2.276960
17.3400,2.145412
17.3600,2.017046
17.3800,1.896690
17.4000,1.816528
17.4200,1.753833
17.4400,1.695976
17.4600,1.640250
17.4800,1.585690
17.5000,1.531677
17.5200,1.479188
17.5400,1.428591
17.5600,1.379711
17.5800,1.332031
17.6000,1.287877
17.6200,1.252435
17.6400,1.220680
17.6600,1.189199
17.6800,1.157233
17.7000,1.124715
17.7200,1.088247
17.7400,1.047592
17.7600,1.002981
17.7800,0.954833
17.8000,0.906581
17.8200,0.859384
17.8400,0.813694
17.8600,0.770468
17.8800,0.730731
17.9000,0.693636
17.9200,0.660407
17.9400,0.630151
17.9600,0.603705
17.9800,0.581569
18.0000,0.557177
18.0200,0.525962
18.0400,0.497068
18.0600,0.470074
18.0800,0.444377
18.1000,0.420364
18.1200,0.398453
18.1400,0.381207
18.1600,0.370042
18.1800,0.367964
18.2000,0.381505
18.2200,0.409232
18.2400,0.439681
18.2600,0.472861
18.2800,0.511583
18.3000,0.556855
18.3200,0.609489
18.3400,0.670340
18.3600,0.741606
18.3800,0.821306
18.4000,0.880248
18.4200,0.825125
18.4400,0.765055
18.4600,0.710971
18.4800,0.663895
18.5000,0.630763
18.5200,0.618849
18.5400,0.627678
18.5600,0.676260
18.5800,0.729136
18.6000,0.794522
18.6200,0.907121
18.6400,1.018310
18.6600,1.125553
18.6800,1.233795
18.7000,1.344646
18.7200,1.455981
18.7400,1.568467
18.7600,1.682791
18.7800,1.799926
18.8000,1.924885
18.8200,2.106545
18.8400,2.309360
18.8600,2.512016
18.8800,2.705601
18.9000,2.887118
18.9200,3.055942
18.9400,3.209251
18.9600,3.345256
18.9800,3.461057
19.0000,3.631872
19.0200,3.732626
19.0400,3.741584
19.0600,3.729598
19.0800,3.715306
19.1000,3.699293
19.1200,3.683149
19.1400,3.670727
19.1600,3.663476
19.1800,3.658940
19.2000,3.656661
19.2200,3.640089
19.2400,3.669414
19.2600,3.671564
19.2800,3.587380
19.3000,3.496526
19.3200,3.400744
19.3400,3.303373
19.3600,3.206689
19.3800,3.111598
19.4000,3.017805
19.4200,3.008849
19.4400,3.043834
19.4600,3.066680
19.4800,3.082445
19.5000,3.091571
19.5200,3.099643
19.5400,3.105202
19.5600,3.111269
19.5800,3.120234
19.6000,3.131898
19.6200,3.137126
19.6400,3.133977
19.6600,3.124850
19.6800,3.111638
19.7000,3.092490
19.7200,3.067334
19.7400,3.036045
19.7600,2.999407
19.7800,2.956816
19.8000,2.911746
19.8200,2.855928
19.8400,2.766468
19.8600,2.682432
19.8800,2.608134
19.9000,2.543045
19.9200,2.487398
19.9400,2.440143
19.9600,2.402393
19.9800,2.374490
20.0000,2.354277
20.0200,2.343895
20.0400,2.368150
20.0600,2.405076
20.0800,2.444162
20.1000,2.485666
20.1200,2.530270
20.1400,2.579490
20.1600,2.655937
20.1800,2.787381
20.2000,2.853848
20.2200,2.908103
20.2400,2.964508
20.2600,3.027923
20.2800,3.099667
20.3000,3.177212
20.3200,3.258552
20.3400,3.342525
20.3600,3.505283
20.3800,3.672706
20.4000,3.747360
20.4200,3.815087
20.4400,3.800739
20.4600,3.711964
20.4800,3.644519
20.5000,3.592930
20.5200,3.552982
20.5400,3.519470
20.5600,3.492250
20.5800,3.467792
20.6000,3.445381
20.6200,3.423734
20.6400,3.486837
20.6600,3.781881
20.6800,4.038396
20.7000,4.250870
20.7200,4.437850
20.7400,4.604931
20.7600,4.819205
20.7800,5.083889
20.8000,5.166539
20.8200,5.214777
20.8400,5.160842
20.8600,4.957723
20.8800,4.797689
20.9000,4.666736
20.9200,4.557022
20.9400,4.465352
20.9600,4.386107
20.9800,4.315639
21.0000,4.253826
21.0200,4.198121
21.0400,4.145467
21.0600,4.095568
21.0800,4.069483
21.1000,4.097083
21.1200,4.031887
21.1400,3.953615
21.1600,3.880960
21.1800,3.849316
21.2000,3.852603
21.2200,3.782129
21.2400,3.728703
21.2600,3.728985
21.2800,3.729388
21.3000,3.722815
21.3200,3.703336
21.3400,3.669687
21.3600,3.618596
21.3800,3.551178
21.4000,3.468025
21.4200,3.367771
21.4400,3.267025
21.4600,3.267967
21.4800,3.307031
21.5000,3.254887
21.5200,3.168770
21.5400,3.079079
21.5600,2.983142
21.5800,2.878699
21.6000,2.764269
21.6200,2.638335
21.6400,2.501493
21.6600,2.345498
21.6800,2.189469
21.7000,2.045748
21.7200,1.913752
21.7400,1.792862
21.7600,1.681293
21.7800,1.578174
21.8000,1.482426
21.8200,1.393879
21.8400,1.311038
21.8600,1.234590
21.8800,1.164477
21.9000,1.102466
21.9200,1.048074
21.9400,1.001611
21.9600,0.963694
21.9800,0.933865
22.0000,0.911044
22.0200,0.893120
22.0400,0.877348
22.0600,0.845038
22.0800,0.802650
22.1000,0.762276
22.1200,0.722724
22.1400,0.684879
22.1600,0.648235
22.1800,0.614362
22.2000,0.582946
22.2200,0.555067
22.2400,0.529877
22.2600,0.509239
22.2800,0.492436
22.3000,0.475777
22.3200,0.458966
22.3400,0.442742
22.3600,0.427864
22.3800,0.412607
22.4000,0.398179
22.4200,0.384244
22.4400,0.370461
22.4600,0.355067
22.4800,0.335629
22.5000,0.317770
22.5200,0.301047
22.5400,0.285782
22.5600,0.271621
22.5800,0.258483
22.6000,0.246247
22.6200,0.235122
22.6400,0.224836
22.6600,0.214943
22.6800,0.204173
22.7000,0.193194
22.7200,0.183882
22.7400,0.174803
22.7600,0.166555
22.7800,0.159160
22.8000,0.152039
22.8200,0.145981
22.8400,0.140028
22.8600,0.135413
22.8800,0.135678
22.9000,0.142896
22.9200,0.161456
22.9400,0.193468
22.9600,0.237039
22.9800,0.286016
23.0000,0.334155
23.0200,0.374295
23.0400,0.401635
23.0600,0.411108
23.0800,0.385557
23.1000,0.357548
23.1200,0.333801
23.1400,0.315934
23.1600,0.307363
23.1800,0.312019
23.2000,0.332729
23.2200,0.369591
23.2400,0.421967
23.2600,0.485387
23.2800,0.577203
23.3000,0.685443
23.3200,0.800523
23.3400,0.917488
23.3600,1.032592
23.3800,1.139118
23.4000,1.232611
23.4200,1.308080
23.4400,1.364171
23.4600,1.402998
23.4800,1.436027
23.5000,1.461088
23.5200,1.482265
23.5400,1.469771
23.5600,1.416629
23.5800,1.349406
23.6000,1.275883
23.6200,1.204406
23.6400,1.143170
23.6600,1.097712
23.6800,1.057322
23.7000,1.015539
23.7200,0.986942
23.7400,0.969921
23.7600,0.975415
23.7800,0.990027
23.8000,0.996464
23.8200,1.010712
23.8400,1.030595
23.8600,1.049453
23.8800,1.058258
23.9000,1.046222
23.9200,1.037675
23.9400,1.013438
23.9600,0.983768
23.9800,0.948743
24.0000,0.908224
24.0200,0.863533
24.0400,0.815514
24.0600,0.766755
24.0800,0.719244
24.1000,0.673562
24.1200,0.630715
24.1400,0.591380
24.1600,0.554398
24.1800,0.519969
24.2000,0.489157
24.2200,0.462083
24.2400,0.439729
24.2600,0.423248
24.2800,0.411616
24.3000,0.402392
24.3200,0.397535
24.3400,0.395771
24.3600,0.395650
24.3800,0.396520
24.4000,0.396810
24.4200,0.395183
24.4400,0.392001
24.4600,0.386999
24.4800,0.382955
24.5000,0.401136
24.5200,0.418495
24.5400,0.427743
24.5600,0.430369
24.5800,0.426929
24.6000,0.419212
24.6200,0.408668
24.6400,0.396222
24.6600,0.383366
24.6800,0.370598
24.7000,0.360367
24.7200,0.351587
24.7400,0.343056
24.7600,0.335009
24.7800,0.326511
24.8000,0.318173
24.8200,0.309514
24.8400,0.300274
24.8600,0.290165
24.8800,0.280917
24.9000,0.284711
24.9200,0.300733
24.9400,0.318423
24.9600,0.326696
24.9800,0.330893
25.0000,0.329402
25.0200,0.321806
25.0400,0.309514
25.0600,0.296190
25.0800,0.285807
25.1000,0.285960
25.1200,0.299525
25.1400,0.317175
25.1600,0.339979
25.1800,0.367247
25.2000,0.397076
25.2200,0.427791
25.2400,0.457596
25.2600,0.487305
25.2800,0.516521
25.3000,0.547559
25.3200,0.577340
25.3400,0.594659
25.3600,0.596866
25.3800,0.584896
25.4000,0.559183
25.4200,0.526405
25.4400,0.496415
25.4600,0.478790
25.4800,0.485387
25.5000,0.562445
25.5200,0.707177
25.5400,0.851337
25.5600,0.990415
25.5800,1.121984
25.6000,1.243299
25.6200,1.351846
25.6400,1.449277
25.6600,1.533739
25.6800,1.607714
25.7000,1.693891
25.7200,1.788946
25.7400,1.863308
25.7600,1.915273
25.7800,1.945345
25.8000,1.955817
25.8200,1.951933
25.8400,1.937901
25.8600,1.921388
25.8800,1.908748
25.9000,1.876848
25.9200,1.772593
25.9400,1.682904
25.9600,1.611282
25.9800,1.553927
26.0000,1.505666
26.0200,1.462908
26.0400,1.424024
26.0600,1.387404
26.0800,1.351589
26.1000,1.311649
26.1200,1.231505
26.1400,1.149590
26.1600,1.074449
26.1800,1.005583
26.2000,0.941372
26.2200,0.881811
26.2400,0.826639
26.2600,0.775294
26.2800,0.727831
26.3000,0.683164
26.3200,0.641606
26.3400,0.602473
26.3600,0.565684
26.3800,0.531633
26.4000,0.500153
26.4200,0.470114
26.4400,0.441896
26.4600,0.415627
26.4800,0.391204
26.5000,0.367722
26.5200,0.348542
26.5400,0.334034
26.5600,0.319325
26.5800,0.304286
26.6000,0.290060
26.6200,0.276527
26.6400,0.265000
26.6600,0.255994
26.6800,0.250613
26.7000,0.248865
26.7200,0.250049
26.7400,0.247036
26.7600,0.248148
26.7800,0.252401
26.8000,0.259860
26.8200,0.268810
26.8400,0.279080
26.8600,0.288481
26.8800,0.296802
26.9000,0.303794
26.9200,0.310819
26.9400,0.324102
26.9600,0.338489
26.9800,0.351909
27.0000,0.363896
27.0200,0.373272
27.0400,0.379757
27.0600,0.382898
27.0800,0.383801
27.1000,0.382254
27.1200,0.378548
27.1400,0.371951
27.1600,0.365209
27.1800,0.362333
27.2000,0.362003
27.2200,0.365128
27.2400,0.370630
27.2600,0.376784
27.2800,0.383132
27.3000,0.388835
27.3200,0.394756
27.3400,0.418294
27.3600,0.445892
27.3800,0.468527
27.4000,0.487925
27.4200,0.504978
27.4400,0.520179
27.4600,0.533446
27.4800,0.546318
27.5000,0.557483
27.5200,0.568036
27.5400,0.576542
27.5600,0.578040
27.5800,0.579329
27.6000,0.579587
27.6200,0.579982
27.6400,0.578629
27.6600,0.576011
27.6800,0.569687
27.7000,0.560190
27.7200,0.546222
27.7400,0.536257
27.7600,0.545424
27.7800,0.551095
27.8000,0.552610
27.8200,0.550346
27.8400,0.543845
27.8600,0.534300
27.8800,0.521161
27.9000,0.504253
27.9200,0.482052
27.9400,0.455043
27.9600,0.426301
27.9800,0.396915
28.0000,0.369043
28.0200,0.343814
28.0400,0.320429
28.0600,0.301265
28.0800,0.290600
28.1000,0.290076
28.1200,0.300322
28.1400,0.327227
28.1600,0.387869
28.1800,0.453302
28.2000,0.516078
28.2200,0.572055
28.2400,0.615023
28.2600,0.640381
28.2800,0.645738
28.3000,0.635588
28.3200,0.621274
28.3400,0.621097
28.3600,0.687989
28.3800,0.854938
28.4000,1.031167
28.4200,1.216096
28.4400,1.406165
28.4600,1.598538
28.4800,1.790066
28.5000,1.975239
28.5200,2.145775
28.5400,2.293805
28.5600,2.366683
28.5800,2.365887
28.6000,2.362140
28.6200,2.349903
28.6400,2.325141
28.6600,2.283888
28.6800,2.227531
28.7000,2.157150
28.7200,2.078552
28.7400,1.999052
28.7600,1.954229
28.7800,2.006179
28.8000,2.055738
28.8200,2.090531
28.8400,2.106472
28.8600,2.094058
28.8800,2.054207
28.9000,1.987145
28.9200,1.898872
28.9400,1.794118
28.9600,1.686609
28.9800,1.597240
29.0000,1.502741
29.0200,1.409629
29.0400,1.320277
29.0600,1.236122
29.0800,1.157628
29.1000,1.085742
29.1200,1.019776
29.1400,0.959811
29.1600,0.904865
29.1800,0.849814
29.2000,0.798372
29.2200,0.750443
29.2400,0.707185
29.2600,0.666578
29.2800,0.629080
29.3000,0.593160
29.3200,0.558297
29.3400,0.525793
29.3600,0.494917
29.3800,0.532439
29.4000,0.594989
29.4200,0.647776
29.4400,0.692871
29.4600,0.730683
29.4800,0.762075
29.5000,0.786201
29.5200,0.803923
29.5400,0.815160
29.5600,0.821193
29.5800,0.802875
29.6000,0.743757
29.6200,0.690116
29.6400,0.641574
29.6600,0.597237
29.6800,0.556202
29.7000,0.519083
29.7200,0.485170
29.7400,0.455026
29.7600,0.427727
29.7800,0.402554
29.8000,0.383825
29.8200,0.367609
29.8400,0.351990
29.8600,0.337409
29.8800,0.323933
29.9000,0.311487
29.9200,0.300121
29.9400,0.289681
29.9600,0.280273
29.9800,0.272121
30.0000,0.278702
30.0200,0.289029
30.0400,0.297986
30.0600,0.305808
30.0800,0.313187
30.1000,0.319929
30.1200,0.327469
30.1400,0.335710
30.1600,0.346480
30.1800,0.357363
30.2000,0.338996
30.2200,0.313904
30.2400,0.291413
30.2600,0.271218
30.2800,0.253835
30.3000,0.237370
30.3200,0.223249
30.3400,0.209716
30.3600,0.197528
30.3800,0.186234
30.4000,0.175689
30.4200,0.165596
30.4400,0.156308
30.4600,0.148398
30.4800,0.142002
30.5000,0.137418
30.5200,0.135678
30.5400,0.135308
30.5600,0.135429
30.5800,0.134502
30.6000,0.173354
30.6200,0.233994
30.6400,0.284027
30.6600,0.321758
30.6800,0.346931
30.7000,0.362921
30.7200,0.375729
30.7400,0.391832
30.7600,0.414612
30.7800,0.441622
30.8000,0.473989
30.8200,0.501111
30.8400,0.521427
30.8600,0.540696
30.8800,0.566674
30.9000,0.605469
30.9200,0.661978
30.9400,0.742282
30.9600,0.844691
30.9800,0.972160
31.0000,1.100138
31.0200,1.221244
31.0400,1.359910
31.0600,1.510057
31.0800,1.669670
31.1000,1.831012
31.1200,1.991730
31.1400,2.146114
31.1600,2.286876
31.1800,2.411785
31.2000,2.515865
31.2200,2.600223
31.2400,2.664919
31.2600,2.708105
31.2800,2.729307
31.3000,2.724128
31.3200,2.690237
31.3400,2.624367
31.3600,2.529971
31.3800,2.413648
31.4000,2.277467
31.4200,2.113488
31.4400,1.962141
31.4600,1.825501
31.4800,1.701141
31.5000,1.588653
31.5200,1.491770
31.5400,1.411682
31.5600,1.346531
31.5800,1.293073
31.6000,1.245005
31.6200,1.175416
31.6400,1.103263
31.6600,1.035283
31.6800,0.971830
31.7000,0.912800
31.7200,0.858095
31.7400,0.806412
31.7600,0.758265
31.7800,0.713347
31.8000,0.671145
31.8200,0.631440
31.8400,0.594611
31.8600,0.561390
31.8800,0.534243
31.9000,0.513565
31.9200,0.499154
31.9400,0.490494
31.9600,0.486877
31.9800,0.486813
32.0000,0.488835
32.0200,0.485911
32.0400,0.483865
32.0600,0.483953
32.0800,0.485484
32.1000,0.488456
32.1200,0.492218
32.1400,0.497309
32.1600,0.502980
32.1800,0.510045
32.2000,0.517190
32.2200,0.495078
32.2400,0.461769
32.2600,0.433196
32.2800,0.407749
32.3000,0.383881
32.3200,0.361745
32.3400,0.340599
32.3600,0.320727
32.3800,0.302095
32.4000,0.284365
32.4200,0.295957
32.4400,0.340938
32.4600,0.380901
32.4800,0.416707
32.5000,0.449557
32.5200,0.478999
32.5400,0.506533
32.5600,0.532068
32.5800,0.554543
32.6000,0.573876
32.6200,0.593692
32.6400,0.624134
32.6600,0.649895
32.6800,0.670968
32.7000,0.688215
32.7200,0.702432
32.7400,0.713516
32.7600,0.723111
32.7800,0.731706
32.8000,0.738899
32.8200,0.727356
32.8400,0.674126
32.8600,0.624851
32.8800,0.580618
32.9000,0.541050
32.9200,0.505502
32.9400,0.474673
32.9600,0.447374
32.9800,0.422418
33.0000,0.399452
33.0200,0.385138
33.0400,0.398179
33.0600,0.412864
33.0800,0.428057
33.1000,0.442532
33.1200,0.453842
33.1400,0.461479
33.1600,0.464725
33.1800,0.460561
33.2000,0.448558
33.2200,0.430949
33.2400,0.437707
33.2600,0.447486
33.2800,0.450121
33.3000,0.444877
33.3200,0.432109
33.3400,0.413122
33.3600,0.390543
33.3800,0.367279
33.4000,0.343209
33.4200,0.320920
33.4400,0.299863
33.4600,0.280877
33.4800,0.263340
33.5000,0.247898
33.5200,0.234961
33.5400,0.226680
33.5600,0.227300
33.5800,0.240793
33.6000,0.281997
33.6200,0.345521
33.6400,0.414000
33.6600,0.513533
33.6800,0.641429
33.7000,0.791638
33.7200,0.956920
33.7400,1.133753
33.7600,1.316852
33.7800,1.503362
33.8000,1.690138
33.8200,1.872828
33.8400,2.044670
33.8600,2.212749
33.8800,2.374619
33.9000,2.528875
33.9200,2.676391
33.9400,2.813852
33.9600,2.936548
33.9800,3.047210
34.0000,3.146414
34.0200,3.219626
34.0400,3.188064
34.0600,3.143073
34.0800,3.104509
34.1000,3.074485
34.1200,3.048765
34.1400,3.026393
34.1600,2.999617
34.1800,2.963592
34.2000,2.912808
34.2200,2.842941
34.2400,2.790410
34.2600,2.739820
34.2800,2.685213
34.3000,2.622441
34.3200,2.503394
34.3400,2.357299
34.3600,2.197580
34.3800,2.044025
34.4000,1.904270
34.4200,1.776871
34.4400,1.660775
34.4600,1.553476
34.4800,1.454723
34.5000,1.363292
34.5200,1.278687
34.5400,1.200346
34.5600,1.128066
34.5800,1.060868
34.6000,0.997817
34.6200,0.938779
34.6400,0.906597
34.6600,0.898187
34.6800,0.893757
34.7000,0.899823
34.7200,0.893128
34.7400,0.878524
34.7600,0.863017
34.7800,0.847277
34.8000,0.830224
34.8200,0.811744
34.8400,0.783285
34.8600,0.739793
34.8800,0.699009
34.9000,0.660455
34.9200,0.623723
34.9400,0.588714
34.9600,0.556114
34.9800,0.525624
35.0000,0.497374
35.0200,0.472241
35.0400,0.461761
35.0600,0.469888
35.0800,0.474867
35.1000,0.478532
35.1200,0.480820
35.1400,0.480433
35.1600,0.478073
35.1800,0.473796
35.2000,0.468277
35.2200,0.462502
35.2400,0.452151
35.2600,0.426244
35.2800,0.402916
35.3000,0.382488
35.3200,0.364758
35.3400,0.349114
35.3600,0.334566
35.3800,0.321597
35.4000,0.309514
35.4200,0.297672
35.4400,0.287498
35.4600,0.284212
35.4800,0.281900
35.5000,0.278114
35.5200,0.273748
35.5400,0.268278
35.5600,0.262575
35.5800,0.257903
35.6000,0.252916
35.6200,0.248647
35.6400,0.245498
35.6600,0.255760
35.6800,0.276470
35.7000,0.294611
35.7200,0.310230
35.7400,0.324279
35.7600,0.336652
35.7800,0.348212
35.8000,0.359506
35.8200,0.371113
35.8400,0.384501
35.8600,0.389584
35.8800,0.376333
35.9000,0.371508
35.9200,0.376599
35.9400,0.391711
35.9600,0.416127
35.9800,0.447511
36.0000,0.484493
36.0200,0.526808
36.0400,0.573707
36.0600,0.617915
36.0800,0.651603
36.1000,0.685065
36.1200,0.720235
36.1400,0.758353
36.1600,0.800040
36.1800,0.842991
36.2000,0.884026
36.2200,0.920026
36.2400,0.947326
36.2600,0.950870
36.2800,0.887635
36.3000,0.840373
36.3200,0.833607
36.3400,0.869373
36.3600,0.947108
36.3800,1.089600
36.4000,1.221138
36.4200,1.334721
36.4400,1.449495
36.4600,1.556827
36.4800,1.695059
36.5000,1.823793
36.5200,1.902343
36.5400,1.981249
36.5600,2.060837
36.5800,2.139660
36.6000,2.213594
36.6200,2.276590
36.6400,2.324206
36.6600,2.445798
36.6800,2.768475
36.7000,2.962270
36.7200,3.090324
36.7400,3.184995
36.7600,3.248007
36.7800,3.281237
36.8000,3.283258
36.8200,3.250761
36.8400,3.185792
36.8600,3.070183
36.8800,2.876549
36.9000,2.683560
36.9200,2.498029
36.9400,2.323457
36.9600,2.160453
36.9800,2.011127
37.0000,1.874778
37.0200,1.750545
37.0400,1.636158
37.0600,1.532241
37.0800,1.439563
37.1000,1.351533
37.1200,1.268479
37.1400,1.190495
37.1600,1.118092
37.1800,1.050500
37.2000,0.987458
37.2200,0.928637
37.2400,0.873973
37.2600,0.824883
37.2800,0.791719
37.3000,0.763509
37.3200,0.738263
37.3400,0.717045
37.3600,0.699331
37.3800,0.685210
37.4000,0.674987
37.4200,0.667198
37.4400,0.662204
37.4600,0.659900
37.4800,0.654068
37.5000,0.653334
37.5200,0.661897
37.5400,0.678822
37.5600,0.710673
37.5800,0.762816
37.6000,0.795303
37.6200,0.826341
37.6400,0.859030
37.6600,0.887594
37.6800,0.869010
37.7000,0.843789
37.7200,0.822297
37.7400,0.803012
37.7600,0.784340
37.7800,0.766247
37.8000,0.747253
37.8200,0.727807
37.8400,0.707330
37.8600,0.691880
37.8800,0.716352
37.9000,0.736668
37.9200,0.747100
37.9400,0.749887
37.9600,0.745005
37.9800,0.733881
38.0000,0.718438
38.0200,0.698670
38.0400,0.675954
38.0600,0.654825
38.0800,0.648018
38.1000,0.638762
38.1200,0.626583
38.1400,0.611599
38.1600,0.595916
38.1800,0.578999
38.2000,0.560818
38.2200,0.542387
38.2400,0.523981
38.2600,0.505397
38.2800,0.477146
38.3000,0.448840
38.3200,0.422032
38.3400,0.397398
38.3600,0.374344
38.3800,0.352602
38.4000,0.332520
38.4200,0.314822
38.4400,0.298736
38.4600,0.284220
38.4800,0.268157
38.5000,0.252425
38.5200,0.238143
38.5400,0.224215
38.5600,0.211246
38.5800,0.199477
38.6000,0.188087
38.6200,0.177840
38.6400,0.167908
38.6600,0.158274
38.6800,0.161198
38.7000,0.174658
38.7200,0.189351
38.7400,0.206993
38.7600,0.226946
38.7800,0.249074
38.8000,0.272757
38.8200,0.297922
38.8400,0.327485
38.8600,0.365740
38.8800,0.364347
38.9000,0.348687
38.9200,0.332399
38.9400,0.315507
38.9600,0.297680
38.9800,0.279741
39.0000,0.263219
39.0200,0.251048
39.0400,0.248132
39.0600,0.259304
39.0800,0.285525
39.1000,0.326502
39.1200,0.380377
39.1400,0.440422
39.1600,0.502360
39.1800,0.564427
39.2000,0.624496
39.2200,0.681561
39.2400,0.734050
39.2600,0.782858
39.2800,0.859449
39.3000,0.961929
39.3200,1.075560
39.3400,1.206381
39.3600,1.358830
39.3800,1.534570
39.4000,1.730600
39.4200,1.944877
39.4400,2.171415
39.4600,2.404522
39.4800,2.617552
39.5000,2.783917
39.5200,2.945232
39.5400,3.102278
39.5600,3.251896
39.5800,3.385431
39.6000,3.502915
39.6200,3.602089
39.6400,3.679450
39.6600,3.732563
39.6800,3.774921
39.7000,3.898335
39.7200,3.985928
39.7400,3.949297
39.7600,3.876931
39.7800,3.772222
39.8000,3.643635
39.8200,3.499878
39.8400,3.347365
39.8600,3.192551
39.8800,3.036382
39.9000,2.864425
39.9200,2.716353
39.9400,2.576080
39.9600,2.452000
39.9800,2.341840
40.0000,2.243504
40.0200,2.154820
40.0400,2.074136
40.0600,1.999122
40.0800,1.934060
40.1000,1.966643
40.1200,2.037347
40.1400,2.044573
40.1600,2.031787
40.1800,2.009860
40.2000,1.980097
40.2200,1.945128
40.2400,1.905815
40.2600,1.864612
40.2800,1.819888
40.3000,1.726781
40.3200,1.615584
40.3400,1.513875
40.3600,1.419770
40.3800,1.332828
40.4000,1.252015
40.4200,1.176567
40.4400,1.107002
40.4600,1.042057
40.4800,0.981625
40.5000,0.925246
40.5200,0.872297
40.5400,0.822708
40.5600,0.775777
40.5800,0.731529
40.6000,0.689713
40.6200,0.650354
40.6400,0.613178
40.6600,0.578411
40.6800,0.545754
40.7000,0.517770
40.7200,0.505010
40.7400,0.495320
40.7600,0.487788
40.7800,0.482101
40.8000,0.479507
40.8200,0.480143
40.8400,0.482568
40.8600,0.485436
40.8800,0.487530
40.9000,0.487192
40.9200,0.461406
40.9400,0.431883
40.9600,0.405888
40.9800,0.382085
41.0000,0.360182
41.0200,0.339770
41.0400,0.320831
41.0600,0.304149
41.0800,0.290140
41.1000,0.279572
41.1200,0.283100
41.1400,0.297221
41.1600,0.308112
41.1800,0.316200
41.2000,0.321299
41.2200,0.323248
41.2400,0.322314
41.2600,0.319446
41.2800,0.315193
41.3000,0.311012
41.3200,0.307669
41.3400,0.305381
41.3600,0.311391
41.3800,0.329628
41.4000,0.361423
41.4200,0.405276
41.4400,0.461253
41.4600,0.524553
41.4800,0.591840
41.5000,0.658538
41.5200,0.724834
41.5400,0.842774
41.5600,0.976414
41.5800,1.106654
41.6000,1.232617
41.6200,1.351549
41.6400,1.461852
41.6600,1.561942
41.6800,1.652462
41.7000,1.731027
41.7200,1.793087
41.7400,1.817720
41.7600,1.865225
41.7800,1.942881
41.8000,2.049859
41.8200,2.182492
41.8400,2.338787
41.8600,2.514794
41.8800,2.707880
41.9000,2.917269
41.9200,3.137798
41.9400,3.345312
41.9600,3.544798
41.9800,3.741528
42.0000,3.932050
42.0200,4.112533
42.0400,4.278842
42.0600,4.426982
42.0800,4.553132
42.1000,4.657078
42.1200,4.735164
42.1400,4.791984
42.1600,4.831113
42.1800,4.843761
42.2000,4.821180
42.2200,4.768285
42.2400,4.690518
42.2600,4.589319
42.2800,4.467175
42.3000,4.329489
42.3200,4.179414
42.3400,3.987756
42.3600,3.729082
42.3800,3.502988
42.4000,3.312010
42.4200,3.124327
42.4400,2.955335
42.4600,2.805700
42.4800,2.673120
42.5000,2.552342
42.5200,2.439893
42.5400,2.331924
42.5600,2.222126
42.5800,2.115172
42.6000,2.013205
42.6200,1.916683
42.6400,1.826758
42.6600,1.742771
42.6800,1.664400
42.7000,1.591377
42.7200,1.522437
42.7400,1.454489
42.7600,1.380274
42.7800,1.307533
42.8000,1.237008
42.8200,1.171042
42.8400,1.108765
42.8600,1.052843
42.8800,1.004310
42.9000,0.963606
42.9200,0.931682
42.9400,0.904181
42.9600,0.858418
42.9800,0.812018
43.0000,0.767713
43.0200,0.725173
43.0400,0.684420
43.0600,0.646205
43.0800,0.610311
43.1000,0.576558
43.1200,0.545344
43.1400,0.516787
43.1600,0.489842
43.1800,0.464467
43.2000,0.439262
43.2200,0.415370
43.2400,0.392114
43.2600,0.370960
43.2800,0.350371
43.3000,0.331199
43.3200,0.312961
43.3400,0.296480
43.3600,0.296037
43.3800,0.298872
43.4000,0.295151
43.4200,0.291083
43.4400,0.288723
43.4600,0.290012
43.4800,0.295828
43.5000,0.307500
43.5200,0.322563
43.5400,0.340221
43.5600,0.355558
43.5800,0.368729
43.6000,0.379290
43.6200,0.387345
43.6400,0.392605
43.6600,0.395070
43.6800,0.396278
43.7000,0.396552
43.7200,0.395642
43.7400,0.395102
43.7600,0.386008
43.7800,0.358249
43.8000,0.332391
43.8200,0.309570
43.8400,0.289762
43.8600,0.273901
43.8800,0.261053
43.9000,0.250460
43.9200,0.241671
43.9400,0.234655
43.9600,0.227526
43.9800,0.215588
44.0000,0.204439
44.0200,0.194056
44.0400,0.184897
44.0600,0.176382
44.0800,0.168432
44.1000,0.161012
44.1200,0.154093
44.1400,0.147343
44.1600,0.141430
44.1800,0.166176
44.2000,0.199928
44.2200,0.228444
44.2400,0.252063
44.2600,0.272765
44.2800,0.290189
44.3000,0.305784
44.3200,0.318753
44.3400,0.330635
44.3600,0.340374
44.3800,0.339206
44.4000,0.325592
44.4200,0.314387
44.4400,0.304946
44.4600,0.297197
44.4800,0.290551
44.5000,0.285605
44.5200,0.281376
44.5400,0.278106
44.5600,0.275673
44.5800,0.275931
44.6000,0.283132
44.6200,0.289496
44.6400,0.294523
44.6600,0.298566
44.6800,0.300903
44.7000,0.302377
44.7200,0.302038
44.7400,0.299992
44.7600,0.296754
44.7800,0.291840
44.8000,0.289424
44.8200,0.288908
44.8400,0.288376
44.8600,0.288465
44.8800,0.288594
44.9000,0.288191
44.9200,0.287635
44.9400,0.286193
44.9600,0.285517
44.9800,0.283753
45.0000,0.276551
45.0200,0.271122
45.0400,0.268165
45.0600,0.267682
45.0800,0.268101
45.1000,0.268560
45.1200,0.268415
45.1400,0.265773
45.1600,0.259345
45.1800,0.248220
45.2000,0.248188
45.2200,0.252369
45.2400,0.253094
45.2600,0.249839
45.2800,0.244756
45.3000,0.238280
45.3200,0.233141
45.3400,0.230192
45.3600,0.231336
45.3800,0.239867
45.4000,0.289359
45.4200,0.361817
45.4400,0.440084
45.4600,0.523111
45.4800,0.608563
45.5000,0.694216
45.5200,0.777871
45.5400,0.858418
45.5600,0.933333
45.5800,0.996608
45.6000,1.021186
45.6200,1.046705
45.6400,1.084605
45.6600,1.138490
45.6800,1.210079
45.7000,1.296974
45.7200,1.399190
45.7400,1.518668
45.7600,1.654322
45.7800,1.804720
45.8000,1.975642
45.8200,2.130179
45.8400,2.267591
45.8600,2.389047
45.8800,2.494470
45.9000,2.587496
45.9200,2.672233
45.9400,2.752210
45.9600,2.829359
45.9800,2.906678
46.0000,2.992930
46.0200,3.074535
46.0400,3.147558
46.0600,3.209436
46.0800,3.257512
46.1000,3.290148
46.1200,3.309319
46.1400,3.315223
46.1600,3.307514
46.1800,3.290630
46.2000,3.169687
46.2200,2.996345
46.2400,2.847774
46.2600,2.724209
46.2800,2.625689
46.3000,2.572045
46.3200,2.522632
46.3400,2.461346
46.3600,2.407502
46.3800,2.354084
46.4000,2.218380
46.4200,2.062642
46.4400,1.924200
46.4600,1.801618
46.4800,1.694343
46.5000,1.601252
46.5200,1.521414
46.5400,1.453226
46.5600,1.396796
46.5800,1.349760
46.6000,1.298544
46.6200,1.242090
46.6400,1.194394
46.6600,1.152635
46.6800,1.117151
46.7000,1.086638
46.7200,1.062156
46.7400,1.053465
46.7600,1.042025
46.7800,1.023400
46.8000,0.998155
46.8200,0.944071
46.8400,0.893233
46.8600,0.846020
46.8800,0.802964
46.9000,0.762510
46.9200,0.725511
46.9400,0.690841
46.9600,0.659118
46.9800,0.628322
47.0000,0.600419
47.0200,0.574722
47.0400,0.550443
47.0600,0.526413
47.0800,0.503882
47.1000,0.481835
47.1200,0.460706
47.1400,0.441429
47.1600,0.422289
47.1800,0.402844
47.2000,0.387119
47.2200,0.416087
47.2400,0.451925
47.2600,0.481271
47.2800,0.506323
47.3000,0.527163
47.3200,0.544466
47.3400,0.558804
47.3600,0.570630
47.3800,0.580755
47.4000,0.589697
47.4200,0.569647
47.4400,0.531996
47.4600,0.501216
47.4800,0.475721
47.5000,0.454865
47.5200,0.437595
47.5400,0.422724
47.5600,0.410682
47.5800,0.400008
47.6000,0.389230
47.6200,0.380353
47.6400,0.372007
47.6600,0.360424
47.6800,0.345167
47.7000,0.327985
47.7200,0.309433
47.7400,0.291413
47.7600,0.274199
47.7800,0.258660
47.8000,0.243733
47.8200,0.231586
47.8400,0.238199
47.8600,0.245812
47.8800,0.252433
47.9000,0.258515
47.9200,0.264186
47.9400,0.269567
47.9600,0.275270
47.9800,0.280216
48.0000,0.284647
48.0200,0.288562
48.0400,0.277791
48.0600,0.262164
48.0800,0.251579
48.1000,0.245924
48.1200,0.244708
48.1400,0.247189
48.1600,0.252973
48.1800,0.261673
48.2000,0.273079
48.2200,0.286540
48.2400,0.297213
48.2600,0.301950
48.2800,0.308692
48.3000,0.317795
48.3200,0.329443
48.3400,0.345094
48.3600,0.363235
48.3800,0.382222
48.4000,0.401772
48.4200,0.420775
48.4400,0.451716
48.4600,0.551691
48.4800,0.665941
48.5000,0.784340
48.5200,0.900072
48.5400,1.013766
48.5600,1.120139
48.5800,1.215765
48.6000,1.296739
48.6200,1.361466
48.6400,1.411176
48.6600,1.430483
48.6800,1.479028
48.7000,1.564987
48.7200,1.686948
48.7400,1.899944
48.7600,2.135471
48.7800,2.321032
48.8000,2.524308
48.8200,2.732997
48.8400,2.943525
48.8600,2.975441
48.8800,2.895834
48.9000,2.820763
48.9200,2.750518
48.9400,2.686822
48.9600,2.630891
48.9800,2.582461
49.0000,2.542319
49.0200,2.509204
49.0400,2.482806
49.0600,2.445636
49.0800,2.386581
49.1000,2.325883
49.1200,2.293699
49.1400,2.255227
49.1600,2.200794
49.1800,2.159421
49.2000,2.158302
49.2200,2.183822
49.2400,2.180478
49.2600,2.200674
49.2800,2.248459
49.3000,2.306927
49.3200,2.430943
49.3400,2.552116
49.3600,2.621918
49.3800,2.698922
49.4000,2.776956
49.4200,2.887650
49.4400,3.008373
49.4600,3.051576
49.4800,3.139688
49.5000,3.177212
49.5200,3.163792
49.5400,3.098146
49.5600,2.986155
49.5800,2.835917
49.6000,2.655703
49.6200,2.463343
49.6400,2.281583
49.6600,2.129333
49.6800,2.016106
49.7000,1.914847
49.7200,1.824559
49.7400,1.746647
49.7600,1.665479
49.7800,1.581733
49.8000,1.500542
49.8200,1.423444
49.8400,1.350388
49.8600,1.300703
49.8800,1.287846
49.9000,1.277155
49.9200,1.270938
49.9400,1.267216
49.9600,1.265805
49.9800,1.264525
50.0000,1.263341
50.0200,1.261455
50.0400,1.259773
50.0600,1.281876
50.0800,1.347021
50.1000,1.415629
50.1200,1.485673
50.1400,1.553582
50.1600,1.612490
50.1800,1.653309
50.2000,1.672770
50.2200,1.671852
50.2400,1.656620
50.2600,1.702454
50.2800,1.820894
50.3000,1.925682
50.3200,2.030476
50.3400,2.143165
50.3600,2.272609
50.3800,2.411087
50.4000,2.548249
50.4200,2.679307
50.4400,2.803186
50.4600,2.908925
50.4800,2.986340
50.5000,3.068758
50.5200,3.155850
50.5400,3.241360
50.5600,3.323514
50.5800,3.444624
50.6000,3.625187
50.6200,3.710287
50.6400,3.783862
50.6600,3.834718
50.6800,3.847704
50.7000,3.833035
50.7200,3.784836
50.7400,3.706614
50.7600,3.596531
50.7800,3.456732
50.8000,3.296937
50.8200,3.128088
50.8400,2.959918
50.8600,2.779760
50.8800,2.589140
50.9000,2.424451
50.9200,2.286787
50.9400,2.177634
50.9600,2.100568
50.9800,2.059411
51.0000,2.055884
51.0200,2.096346
51.0400,2.183442
51.0600,2.392678
51.0800,2.728002
51.1000,3.092128
51.1200,3.468355
51.1400,3.842759
51.1600,4.184110
51.1800,4.496085
51.2000,4.772360
51.2200,5.040121
51.2400,5.277745
51.2600,5.191036
51.2800,4.950496
51.3000,4.700557
51.3200,4.468648
51.3400,4.270043
51.3600,4.097027
51.3800,3.946446
51.4000,3.828692
51.4200,3.775750
51.4400,3.689366
51.4600,3.609857
51.4800,3.546804
51.5000,3.538280
51.5200,3.503688
51.5400,3.426265
51.5600,3.350708
51.5800,3.272761
51.6000,3.190754
51.6200,3.102062
51.6400,3.002283
51.6600,2.825340
