benchmark,algorithm,trace,status,complete,correct,result,expected_result,runtime_wait_count,runtime_recovery_boots,execution_time_us,replay_seconds,region_boundaries
aes,milp,1,ok,yes,yes,107,107,7,0,92283.2,2.12,5
aes,milp,2,ok,yes,yes,107,107,7,0,423877.43,3.01,5
aes,milp,3,ok,yes,yes,107,107,7,0,116850.06,3.99,5
aes,milp,4,ok,yes,yes,107,107,7,0,828961.69,3.31,5
aes,milp,5,ok,yes,yes,107,107,7,0,104372.42,2.71,5
aes,milp,6,ok,yes,yes,107,107,6,0,657129.99,2.42,5
aes,milp,7,ok,yes,yes,107,107,7,0,1857253.92,3.6,5
aes,milp,8,ok,yes,yes,107,107,8,0,851185.52,3.49,5
aes,milp,9,ok,yes,yes,107,107,7,0,888272.47,3.62,5
aes,milp,10,ok,yes,yes,107,107,7,0,92233.07,1.81,5
aes,rockclimb,1,ok,yes,yes,107,107,45,1,2694340.67,4.78,17
aes,rockclimb,2,ok,yes,yes,107,107,64,1,4345271.19,6.89,17
aes,rockclimb,3,ok,yes,yes,107,107,106,1,3970523.47,7.89,17
aes,rockclimb,4,ok,yes,yes,107,107,84,0,16527479.8,19.07,17
aes,rockclimb,5,ok,yes,yes,107,107,61,3,11196026.49,13.72,17
aes,rockclimb,6,ok,yes,yes,107,107,57,1,5162854.38,6.91,17
aes,rockclimb,7,ok,yes,yes,107,107,59,0,9031227.7,10.8,17
aes,rockclimb,8,ok,yes,yes,107,107,82,7,11591014.23,14.11,17
aes,rockclimb,9,ok,yes,yes,107,107,59,0,13333619.73,16.02,17
aes,rockclimb,10,ok,yes,yes,107,107,56,9,11820425.36,13.39,17
aes,schematic,1,ok,yes,yes,107,107,114,3,7783192.6,9.83,10
aes,schematic,2,ok,yes,yes,107,107,134,2,9377376.69,12.01,10
aes,schematic,3,ok,yes,yes,107,107,198,2,8013242.51,11.91,10
aes,schematic,4,ok,yes,yes,107,107,152,0,37330402.49,39.8,10
aes,schematic,5,ok,yes,yes,107,107,151,9,27977751.03,30.51,10
aes,schematic,6,ok,yes,yes,107,107,131,2,11536285.11,13.4,10
aes,schematic,7,ok,yes,yes,107,107,132,0,22501459.56,24.19,10
aes,schematic,8,ok,yes,yes,107,107,178,18,28640049.93,31.32,10
aes,schematic,9,ok,yes,yes,107,107,130,4,30837147.95,33.61,10
aes,schematic,10,ok,yes,yes,107,107,135,21,27662855.79,29.4,10
aes,schematicO3,1,ok,yes,yes,107,107,10,0,127366.56,2.13,2
aes,schematicO3,2,ok,yes,yes,107,107,10,0,557046.56,3.13,2
aes,schematicO3,3,ok,yes,yes,107,107,16,0,206938.0,4.16,2
aes,schematicO3,4,ok,yes,yes,107,107,13,1,3267714.65,5.75,2
aes,schematicO3,5,ok,yes,yes,107,107,13,0,1875622.41,4.38,2
aes,schematicO3,6,ok,yes,yes,107,107,13,0,1031599.72,2.83,2
aes,schematicO3,7,ok,yes,yes,107,107,12,0,2047776.49,3.8,2
aes,schematicO3,8,ok,yes,yes,107,107,14,0,892966.66,3.43,2
aes,schematicO3,9,ok,yes,yes,107,107,10,0,920789.51,3.71,2
aes,schematicO3,10,ok,yes,yes,107,107,11,0,138394.53,1.7,2
crc,milp,1,ok,yes,yes,39423,39423,4,0,43589.2,2.13,3
crc,milp,2,ok,yes,yes,39423,39423,5,0,385990.68,2.93,3
crc,milp,3,ok,yes,yes,39423,39423,4,0,43599.16,3.93,3
crc,milp,4,ok,yes,yes,39423,39423,6,1,798779.31,3.23,3
crc,milp,5,ok,yes,yes,39423,39423,4,0,43622.8,2.54,3
crc,milp,6,ok,yes,yes,39423,39423,4,0,43648.86,1.83,3
crc,milp,7,ok,yes,yes,39423,39423,5,0,1622105.12,3.33,3
crc,milp,8,ok,yes,yes,39423,39423,5,0,777598.17,3.39,3
crc,milp,9,ok,yes,yes,39423,39423,5,0,850822.74,3.53,3
crc,milp,10,ok,yes,yes,39423,39423,4,0,43623.78,1.81,3
crc,rockclimb,1,ok,yes,yes,39423,39423,29,0,1014454.43,3.09,8
crc,rockclimb,2,ok,yes,yes,39423,39423,39,0,1706922.88,4.24,8
crc,rockclimb,3,ok,yes,yes,39423,39423,84,0,1212430.56,5.1,8
crc,rockclimb,4,ok,yes,yes,39423,39423,56,0,11321904.13,13.83,8
crc,rockclimb,5,ok,yes,yes,39423,39423,45,2,8081695.24,10.62,8
crc,rockclimb,6,ok,yes,yes,39423,39423,39,0,1643638.33,3.49,8
crc,rockclimb,7,ok,yes,yes,39423,39423,41,0,6543888.3,8.31,8
crc,rockclimb,8,ok,yes,yes,39423,39423,57,4,7026589.09,9.62,8
crc,rockclimb,9,ok,yes,yes,39423,39423,38,0,8397075.18,11.23,8
crc,rockclimb,10,ok,yes,yes,39423,39423,39,6,7906895.7,9.61,8
crc,schematic,1,ok,yes,yes,39423,39423,35,1,2520997.71,4.61,3
crc,schematic,2,ok,yes,yes,39423,39423,40,0,1686004.89,4.21,3
crc,schematic,3,ok,yes,yes,39423,39423,69,0,1064721.95,5.01,3
crc,schematic,4,ok,yes,yes,39423,39423,48,1,11257530.6,13.79,3
crc,schematic,5,ok,yes,yes,39423,39423,44,2,8059036.63,10.61,3
crc,schematic,6,ok,yes,yes,39423,39423,38,0,1628762.16,3.43,3
crc,schematic,7,ok,yes,yes,39423,39423,42,0,6521332.93,8.2,3
crc,schematic,8,ok,yes,yes,39423,39423,53,4,6997721.22,9.55,3
crc,schematic,9,ok,yes,yes,39423,39423,37,0,8358882.57,11.09,3
crc,schematic,10,ok,yes,yes,39423,39423,41,6,7908796.8,9.61,3
crc,schematicO3,1,ok,yes,yes,39423,39423,4,0,45094.67,2.11,3
crc,schematicO3,2,ok,yes,yes,39423,39423,4,0,389298.89,3.01,3
crc,schematicO3,3,ok,yes,yes,39423,39423,4,0,45202.22,3.99,3
crc,schematicO3,4,ok,yes,yes,39423,39423,5,1,786764.21,3.22,3
crc,schematicO3,5,ok,yes,yes,39423,39423,4,0,45307.15,2.52,3
crc,schematicO3,6,ok,yes,yes,39423,39423,4,0,45212.0,1.87,3
crc,schematicO3,7,ok,yes,yes,39423,39423,4,0,1598540.74,3.29,3
crc,schematicO3,8,ok,yes,yes,39423,39423,5,0,777674.8,3.35,3
crc,schematicO3,9,ok,yes,yes,39423,39423,4,0,838899.52,3.52,3
crc,schematicO3,10,ok,yes,yes,39423,39423,4,0,45182.23,1.75,3
rsa,milp,1,ok,yes,yes,32,32,18,0,840012.76,2.93,17
rsa,milp,2,ok,yes,yes,32,32,20,0,740837.34,3.23,17
rsa,milp,3,ok,yes,yes,32,32,30,0,373517.36,4.33,17
rsa,milp,4,ok,yes,yes,32,32,28,0,6036426.41,8.49,17
rsa,milp,5,ok,yes,yes,32,32,24,1,3202677.81,5.69,17
rsa,milp,6,ok,yes,yes,32,32,18,0,1123107.8,2.93,17
rsa,milp,7,ok,yes,yes,32,32,22,0,3077963.79,4.74,17
rsa,milp,8,ok,yes,yes,32,32,26,1,2392184.05,4.91,17
rsa,milp,9,ok,yes,yes,32,32,20,0,3428963.34,6.13,17
rsa,milp,10,ok,yes,yes,32,32,22,3,3978393.16,5.7,17
rsa,rockclimb,1,ok,yes,yes,32,32,414,13,32902612.62,34.99,32
rsa,rockclimb,2,ok,yes,yes,32,32,542,10,40809391.01,43.39,32
rsa,rockclimb,3,ok,yes,yes,32,32,994,9,36689065.43,40.54,32
rsa,rockclimb,4,ok,yes,yes,32,32,771,0,171089227.35,173.58,32
rsa,rockclimb,5,ok,yes,yes,32,32,610,38,119633924.63,122.22,32
rsa,rockclimb,6,ok,yes,yes,32,32,521,10,50200078.24,52.02,32
rsa,rockclimb,7,ok,yes,yes,32,32,535,0,85587736.37,87.31,32
rsa,rockclimb,8,ok,yes,yes,32,32,809,82,127118290.17,129.67,32
rsa,rockclimb,9,ok,yes,yes,32,32,485,0,123363026.49,126.09,32
rsa,rockclimb,10,ok,yes,yes,32,32,509,84,110375530.84,112.12,32
rsa,schematic,1,ok,yes,yes,32,32,45,1,2664497.99,4.74,9
rsa,schematic,2,ok,yes,yes,32,32,49,0,1944142.53,4.48,9
rsa,schematic,3,ok,yes,yes,32,32,71,0,1191995.78,5.1,9
rsa,schematic,4,ok,yes,yes,32,32,51,0,11935844.71,14.49,9
rsa,schematic,5,ok,yes,yes,32,32,52,3,9363673.52,11.91,9
rsa,schematic,6,ok,yes,yes,32,32,46,1,3784253.46,5.67,9
rsa,schematic,7,ok,yes,yes,32,32,50,0,8789382.12,10.51,9
rsa,schematic,8,ok,yes,yes,32,32,68,6,10113633.52,12.81,9
rsa,schematic,9,ok,yes,yes,32,32,48,0,10874519.26,13.63,9
rsa,schematic,10,ok,yes,yes,32,32,51,6,8038164.82,9.78,9
rsa,schematicO3,1,ok,yes,yes,32,32,20,0,864650.53,2.94,11
rsa,schematicO3,2,ok,yes,yes,32,32,22,0,764621.84,3.23,11
rsa,schematicO3,3,ok,yes,yes,32,32,36,0,441870.2,4.38,11
rsa,schematicO3,4,ok,yes,yes,32,32,27,0,6068137.29,8.51,11
rsa,schematicO3,5,ok,yes,yes,32,32,27,1,4946966.0,7.45,11
rsa,schematicO3,6,ok,yes,yes,32,32,23,0,1169144.36,2.99,11
rsa,schematicO3,7,ok,yes,yes,32,32,23,0,3485519.88,5.2,11
rsa,schematicO3,8,ok,yes,yes,32,32,31,3,5379431.58,7.95,11
rsa,schematicO3,9,ok,yes,yes,32,32,21,0,3417079.38,6.2,11
rsa,schematicO3,10,ok,yes,yes,32,32,24,3,3994638.81,5.79,11
dijkstra,milp,1,ok,yes,yes,3788,3788,9,0,114944.27,2.13,3
dijkstra,milp,2,ok,yes,yes,3788,3788,10,0,556007.16,3.09,3
dijkstra,milp,3,ok,yes,yes,3788,3788,11,0,149469.18,4.09,3
dijkstra,milp,4,ok,yes,yes,3788,3788,9,0,1459471.79,3.99,3
dijkstra,milp,5,ok,yes,yes,3788,3788,11,0,1854268.9,4.31,3
dijkstra,milp,6,ok,yes,yes,3788,3788,10,0,716062.02,2.52,3
dijkstra,milp,7,ok,yes,yes,3788,3788,12,0,2023541.14,3.78,3
dijkstra,milp,8,ok,yes,yes,3788,3788,12,0,884544.38,3.53,3
dijkstra,milp,9,ok,yes,yes,3788,3788,10,0,922669.4,3.5,3
dijkstra,milp,10,ok,yes,yes,3788,3788,9,0,115005.08,1.89,3
dijkstra,rockclimb,1,ok,yes,yes,3788,3788,517,16,41214203.76,43.31,4
dijkstra,rockclimb,2,ok,yes,yes,3788,3788,683,13,51599804.17,54.13,4
dijkstra,rockclimb,3,ok,yes,yes,3788,3788,1235,12,47523988.16,51.51,4
dijkstra,rockclimb,4,ok,yes,yes,3788,3788,953,0,197350114.62,199.91,4
dijkstra,rockclimb,5,ok,yes,yes,3788,3788,721,45,141387996.68,143.83,4
dijkstra,rockclimb,6,ok,yes,yes,3788,3788,644,12,62615275.04,64.43,4
dijkstra,rockclimb,7,ok,yes,yes,3788,3788,656,0,107445646.91,109.21,4
dijkstra,rockclimb,8,ok,yes,yes,3788,3788,1007,103,159429964.49,162.0,4
dijkstra,rockclimb,9,ok,yes,yes,3788,3788,606,0,153332018.42,156.09,4
dijkstra,rockclimb,10,ok,yes,yes,3788,3788,636,105,137959200.08,139.63,4
dijkstra,schematic,1,ok,yes,yes,3788,3788,39,1,2586785.2,4.51,2
dijkstra,schematic,2,ok,yes,yes,3788,3788,44,0,1887629.88,4.44,2
dijkstra,schematic,3,ok,yes,yes,3788,3788,60,0,1058787.55,4.93,2
dijkstra,schematic,4,ok,yes,yes,3788,3788,47,0,11280525.92,13.73,2
dijkstra,schematic,5,ok,yes,yes,3788,3788,52,3,9337399.97,11.83,2
dijkstra,schematic,6,ok,yes,yes,3788,3788,41,0,1695122.84,3.43,2
dijkstra,schematic,7,ok,yes,yes,3788,3788,47,0,8570872.17,10.29,2
dijkstra,schematic,8,ok,yes,yes,3788,3788,59,6,10028652.88,12.63,2
dijkstra,schematic,9,ok,yes,yes,3788,3788,42,2,8429025.16,11.13,2
dijkstra,schematic,10,ok,yes,yes,3788,3788,42,6,7949825.01,9.71,2
dijkstra,schematicO3,1,ok,yes,yes,3788,3788,10,0,127550.5,2.15,2
dijkstra,schematicO3,2,ok,yes,yes,3788,3788,12,0,616289.9,3.21,2
dijkstra,schematicO3,3,ok,yes,yes,3788,3788,15,0,195563.12,4.12,2
dijkstra,schematicO3,4,ok,yes,yes,3788,3788,12,0,3393123.01,5.84,2
dijkstra,schematicO3,5,ok,yes,yes,3788,3788,12,0,1880702.9,4.34,2
dijkstra,schematicO3,6,ok,yes,yes,3788,3788,14,0,1043553.06,2.9,2
dijkstra,schematicO3,7,ok,yes,yes,3788,3788,13,0,2053195.34,3.72,2
dijkstra,schematicO3,8,ok,yes,yes,3788,3788,14,0,897344.98,3.5,2
dijkstra,schematicO3,9,ok,yes,yes,3788,3788,11,0,935110.09,3.62,2
dijkstra,schematicO3,10,ok,yes,yes,3788,3788,9,0,116554.27,1.82,2
qsort,milp,1,ok,yes,yes,9987,9987,11,0,139046.06,2.29,3
qsort,milp,2,ok,yes,yes,9987,9987,11,0,607249.09,3.14,3
qsort,milp,3,ok,yes,yes,9987,9987,11,0,151691.98,4.09,3
qsort,milp,4,ok,yes,yes,9987,9987,14,0,3408739.41,5.84,3
qsort,milp,5,ok,yes,yes,9987,9987,11,0,1870128.53,4.4,3
qsort,milp,6,ok,yes,yes,9987,9987,12,0,887526.94,2.72,3
qsort,milp,7,ok,yes,yes,9987,9987,12,0,2064412.93,3.73,3
qsort,milp,8,ok,yes,yes,9987,9987,15,0,906057.97,3.5,3
qsort,milp,9,ok,yes,yes,9987,9987,12,0,2511294.18,5.34,3
qsort,milp,10,ok,yes,yes,9987,9987,10,0,128045.76,1.92,3
qsort,rockclimb,1,ok,yes,yes,9987,9987,105,3,7718582.17,9.76,5
qsort,rockclimb,2,ok,yes,yes,9987,9987,146,2,9493403.07,12.11,5
qsort,rockclimb,3,ok,yes,yes,9987,9987,245,2,8510101.18,12.49,5
qsort,rockclimb,4,ok,yes,yes,9987,9987,193,0,42740251.94,45.28,5
qsort,rockclimb,5,ok,yes,yes,9987,9987,148,9,27965882.99,30.44,5
qsort,rockclimb,6,ok,yes,yes,9987,9987,132,2,11518967.47,13.32,5
qsort,rockclimb,7,ok,yes,yes,9987,9987,140,0,22901873.74,24.61,5
qsort,rockclimb,8,ok,yes,yes,9987,9987,202,19,30124186.83,32.71,5
qsort,rockclimb,9,ok,yes,yes,9987,9987,129,0,30867101.36,33.56,5
qsort,rockclimb,10,ok,yes,yes,9987,9987,131,21,27610620.88,29.39,5
qsort,schematic,1,ok,yes,yes,9987,9987,18,0,842484.79,3.0,1
qsort,schematic,2,ok,yes,yes,9987,9987,23,0,741096.69,3.23,1
qsort,schematic,3,ok,yes,yes,9987,9987,30,0,364020.95,4.23,1
qsort,schematic,4,ok,yes,yes,9987,9987,31,0,6036167.47,8.45,1
qsort,schematic,5,ok,yes,yes,9987,9987,25,1,3203911.01,5.79,1
qsort,schematic,6,ok,yes,yes,9987,9987,23,0,1145953.73,2.93,1
qsort,schematic,7,ok,yes,yes,9987,9987,23,0,3487489.45,5.12,1
qsort,schematic,8,ok,yes,yes,9987,9987,27,1,2405156.61,4.99,1
qsort,schematic,9,ok,yes,yes,9987,9987,24,0,3431180.97,6.14,1
qsort,schematic,10,ok,yes,yes,9987,9987,22,3,3968708.22,5.62,1
qsort,schematicO3,1,ok,yes,yes,9987,9987,13,0,166235.66,2.23,1
qsort,schematicO3,2,ok,yes,yes,9987,9987,15,0,656601.08,3.27,1
qsort,schematicO3,3,ok,yes,yes,9987,9987,21,0,255566.74,4.15,1
qsort,schematicO3,4,ok,yes,yes,9987,9987,19,0,3442929.91,5.99,1
qsort,schematicO3,5,ok,yes,yes,9987,9987,18,1,3125838.9,5.65,1
qsort,schematicO3,6,ok,yes,yes,9987,9987,18,0,1081078.9,2.91,1
qsort,schematicO3,7,ok,yes,yes,9987,9987,18,0,3043810.65,4.8,1
qsort,schematicO3,8,ok,yes,yes,9987,9987,24,1,2350468.72,4.99,1
qsort,schematicO3,9,ok,yes,yes,9987,9987,16,0,3356501.65,6.1,1
qsort,schematicO3,10,ok,yes,yes,9987,9987,13,0,166640.4,1.91,1
activity_recognition,milp,1,ok,yes,yes,64,64,11,0,144562.03,2.21,3
activity_recognition,milp,2,ok,yes,yes,64,64,13,0,633370.31,3.18,3
activity_recognition,milp,3,ok,yes,yes,64,64,12,0,168003.87,4.03,3
activity_recognition,milp,4,ok,yes,yes,64,64,12,0,3385885.05,5.9,3
activity_recognition,milp,5,ok,yes,yes,64,64,13,0,1897277.26,4.48,3
activity_recognition,milp,6,ok,yes,yes,64,64,14,0,1050029.65,2.88,3
activity_recognition,milp,7,ok,yes,yes,64,64,14,0,2052942.07,3.72,3
activity_recognition,milp,8,ok,yes,yes,64,64,16,0,911209.38,3.53,3
activity_recognition,milp,9,ok,yes,yes,64,64,13,1,2498077.75,5.31,3
activity_recognition,milp,10,ok,yes,yes,64,64,11,0,144732.2,1.83,3
activity_recognition,rockclimb,1,ok,yes,yes,64,64,50,1,3375865.23,5.49,8
activity_recognition,rockclimb,2,ok,yes,yes,64,64,64,1,4539325.43,7.13,8
activity_recognition,rockclimb,3,ok,yes,yes,64,64,112,1,4070700.76,7.91,8
activity_recognition,rockclimb,4,ok,yes,yes,64,64,95,0,19132547.92,21.69,8
activity_recognition,rockclimb,5,ok,yes,yes,64,64,70,4,12481393.02,14.94,8
activity_recognition,rockclimb,6,ok,yes,yes,64,64,64,1,5832470.75,7.71,8
activity_recognition,rockclimb,7,ok,yes,yes,64,64,64,0,10032265.23,11.7,8
activity_recognition,rockclimb,8,ok,yes,yes,64,64,91,9,14624223.87,17.25,8
activity_recognition,rockclimb,9,ok,yes,yes,64,64,60,0,13397789.33,16.23,8
activity_recognition,rockclimb,10,ok,yes,yes,64,64,59,9,11878007.85,13.69,8
activity_recognition,schematic,1,ok,yes,yes,64,64,45,1,2655013.74,4.73,6
activity_recognition,schematic,2,ok,yes,yes,64,64,53,0,1948145.54,4.43,6
activity_recognition,schematic,3,ok,yes,yes,64,64,87,0,1282079.03,5.19,6
activity_recognition,schematic,4,ok,yes,yes,64,64,62,0,13912610.16,16.41,6
activity_recognition,schematic,5,ok,yes,yes,64,64,56,3,11155722.05,13.71,6
activity_recognition,schematic,6,ok,yes,yes,64,64,51,1,4624458.03,6.5,6
activity_recognition,schematic,7,ok,yes,yes,64,64,56,0,8827147.91,10.51,6
activity_recognition,schematic,8,ok,yes,yes,64,64,75,6,10124198.94,12.79,6
activity_recognition,schematic,9,ok,yes,yes,64,64,51,0,10896334.1,13.66,6
activity_recognition,schematic,10,ok,yes,yes,64,64,50,6,8027771.99,9.79,6
activity_recognition,schematicO3,1,ok,yes,yes,64,64,14,0,181009.99,2.3,3
activity_recognition,schematicO3,2,ok,yes,yes,64,64,15,0,646930.79,3.19,3
activity_recognition,schematicO3,3,ok,yes,yes,64,64,21,0,258829.85,4.11,3
activity_recognition,schematicO3,4,ok,yes,yes,64,64,18,0,3446640.63,5.93,3
activity_recognition,schematicO3,5,ok,yes,yes,64,64,18,1,3127160.53,5.72,3
activity_recognition,schematicO3,6,ok,yes,yes,64,64,18,0,1096180.83,2.99,3
activity_recognition,schematicO3,7,ok,yes,yes,64,64,19,0,3045703.33,4.8,3
activity_recognition,schematicO3,8,ok,yes,yes,64,64,21,1,2338953.6,4.99,3
activity_recognition,schematicO3,9,ok,yes,yes,64,64,16,0,3359007.98,6.21,3
activity_recognition,schematicO3,10,ok,yes,yes,64,64,13,0,169770.33,1.89,3
bitcount,milp,1,ok,yes,yes,14121,14121,8,0,105663.44,2.08,11
bitcount,milp,2,ok,yes,yes,14121,14121,10,0,556683.03,3.05,11
bitcount,milp,3,ok,yes,yes,14121,14121,8,0,130087.2,4.07,11
bitcount,milp,4,ok,yes,yes,14121,14121,8,0,1450655.18,3.95,11
bitcount,milp,5,ok,yes,yes,14121,14121,9,0,1842368.97,4.39,11
bitcount,milp,6,ok,yes,yes,14121,14121,10,0,703886.38,2.52,11
bitcount,milp,7,ok,yes,yes,14121,14121,9,0,2015269.82,3.73,11
bitcount,milp,8,ok,yes,yes,14121,14121,12,0,873612.04,3.48,11
bitcount,milp,9,ok,yes,yes,14121,14121,8,0,901134.13,3.69,11
bitcount,milp,10,ok,yes,yes,14121,14121,8,0,105829.06,1.91,11
bitcount,rockclimb,1,ok,yes,yes,14121,14121,282,9,22719688.8,24.75,14
bitcount,rockclimb,2,ok,yes,yes,14121,14121,377,7,28088871.81,30.71,14
bitcount,rockclimb,3,ok,yes,yes,14121,14121,681,6,24727134.13,28.69,14
bitcount,rockclimb,4,ok,yes,yes,14121,14121,516,0,105591878.71,108.03,14
bitcount,rockclimb,5,ok,yes,yes,14121,14121,404,25,79345652.32,81.9,14
bitcount,rockclimb,6,ok,yes,yes,14121,14121,354,6,32449506.01,34.29,14
bitcount,rockclimb,7,ok,yes,yes,14121,14121,371,0,58724211.19,60.43,14
bitcount,rockclimb,8,ok,yes,yes,14121,14121,546,55,85497410.72,88.11,14
bitcount,rockclimb,9,ok,yes,yes,14121,14121,329,0,83388347.21,86.13,14
bitcount,rockclimb,10,ok,yes,yes,14121,14121,348,57,74918776.99,76.63,14
bitcount,schematic,1,ok,yes,yes,14121,14121,30,0,988345.43,3.07,2
bitcount,schematic,2,ok,yes,yes,14121,14121,34,0,1442088.38,3.99,2
bitcount,schematic,3,ok,yes,yes,14121,14121,42,0,694626.73,4.55,2
bitcount,schematic,4,ok,yes,yes,14121,14121,41,0,8676087.39,11.13,2
bitcount,schematic,5,ok,yes,yes,14121,14121,35,2,6239511.57,8.8,2
bitcount,schematic,6,ok,yes,yes,14121,14121,34,0,1490652.89,3.24,2
bitcount,schematic,7,ok,yes,yes,14121,14121,35,0,5527765.52,7.3,2
bitcount,schematic,8,ok,yes,yes,14121,14121,42,3,5515988.68,8.19,2
bitcount,schematic,9,ok,yes,yes,14121,14121,34,1,7615331.83,10.41,2
bitcount,schematic,10,ok,yes,yes,14121,14121,35,3,4137348.8,5.85,2
bitcount,schematicO3,1,ok,yes,yes,14121,14121,9,0,117346.94,2.15,3
bitcount,schematicO3,2,ok,yes,yes,14121,14121,10,0,558409.92,3.14,3
bitcount,schematicO3,3,ok,yes,yes,14121,14121,9,0,141947.92,4.08,3
bitcount,schematicO3,4,ok,yes,yes,14121,14121,10,0,2625368.67,5.14,3
bitcount,schematicO3,5,ok,yes,yes,14121,14121,10,0,1858025.89,4.4,3
bitcount,schematicO3,6,ok,yes,yes,14121,14121,11,0,715399.3,2.53,3
bitcount,schematicO3,7,ok,yes,yes,14121,14121,11,0,2026771.6,3.74,3
bitcount,schematicO3,8,ok,yes,yes,14121,14121,14,0,884109.66,3.51,3
bitcount,schematicO3,9,ok,yes,yes,14121,14121,10,0,924154.99,3.64,3
bitcount,schematicO3,10,ok,yes,yes,14121,14121,9,0,117408.84,1.81,3
chacha20,milp,1,ok,yes,yes,97,97,1,0,1649.94,2.04,1
chacha20,milp,2,ok,yes,yes,97,97,1,0,1649.91,2.48,1
chacha20,milp,3,ok,yes,yes,97,97,1,0,1649.95,3.93,1
chacha20,milp,4,ok,yes,yes,97,97,1,0,1649.86,2.49,1
chacha20,milp,5,ok,yes,yes,97,97,1,0,1649.94,2.61,1
chacha20,milp,6,ok,yes,yes,97,97,1,0,1650.0,1.8,1
chacha20,milp,7,ok,yes,yes,97,97,1,0,1649.83,1.71,1
chacha20,milp,8,ok,yes,yes,97,97,2,0,1649.97,2.55,1
chacha20,milp,9,ok,yes,yes,97,97,1,0,1649.91,2.91,1
chacha20,milp,10,ok,yes,yes,97,97,1,0,1649.94,1.77,1
chacha20,rockclimb,1,ok,yes,yes,97,97,2,0,15009.7,2.04,3
chacha20,rockclimb,2,ok,yes,yes,97,97,4,0,246515.96,2.81,3
chacha20,rockclimb,3,ok,yes,yes,97,97,3,0,26000.31,3.99,3
chacha20,rockclimb,4,ok,yes,yes,97,97,4,0,783847.25,3.24,3
chacha20,rockclimb,5,ok,yes,yes,97,97,3,0,26006.45,2.6,3
chacha20,rockclimb,6,ok,yes,yes,97,97,3,0,25986.73,1.85,3
chacha20,rockclimb,7,ok,yes,yes,97,97,3,0,945173.56,2.61,3
chacha20,rockclimb,8,ok,yes,yes,97,97,7,0,769633.87,3.35,3
chacha20,rockclimb,9,ok,yes,yes,97,97,4,0,833939.75,3.55,3
chacha20,rockclimb,10,ok,yes,yes,97,97,2,0,14994.2,1.73,3
chacha20,schematic,1,ok,yes,yes,97,97,2,0,13755.72,2.09,1
chacha20,schematic,2,ok,yes,yes,97,97,2,0,234571.65,2.74,1
chacha20,schematic,3,ok,yes,yes,97,97,2,0,13752.71,3.89,1
chacha20,schematic,4,ok,yes,yes,97,97,2,0,649723.65,3.13,1
chacha20,schematic,5,ok,yes,yes,97,97,2,0,13857.68,2.58,1
chacha20,schematic,6,ok,yes,yes,97,97,2,0,13889.01,1.9,1
chacha20,schematic,7,ok,yes,yes,97,97,2,0,14043.92,1.77,1
chacha20,schematic,8,ok,yes,yes,97,97,3,0,38377.8,2.64,1
chacha20,schematic,9,ok,yes,yes,97,97,2,0,112030.07,2.86,1
chacha20,schematic,10,ok,yes,yes,97,97,2,0,13829.69,1.79,1
chacha20,schematicO3,1,ok,yes,yes,97,97,1,0,1857.4,2.06,0
chacha20,schematicO3,2,ok,yes,yes,97,97,1,0,1857.55,2.51,0
chacha20,schematicO3,3,ok,yes,yes,97,97,1,0,1857.4,3.9,0
chacha20,schematicO3,4,ok,yes,yes,97,97,1,0,1857.41,2.51,0
chacha20,schematicO3,5,ok,yes,yes,97,97,1,0,1857.36,2.58,0
chacha20,schematicO3,6,ok,yes,yes,97,97,1,0,1857.42,1.84,0
chacha20,schematicO3,7,ok,yes,yes,97,97,1,0,1857.47,1.75,0
chacha20,schematicO3,8,ok,yes,yes,97,97,2,0,1857.5,2.63,0
chacha20,schematicO3,9,ok,yes,yes,97,97,1,0,1857.43,2.79,0
chacha20,schematicO3,10,ok,yes,yes,97,97,1,0,1857.55,1.74,0
sensor_fusion,milp,1,ok,yes,yes,613,613,9,0,114496.61,2.13,2
sensor_fusion,milp,2,ok,yes,yes,613,613,12,0,565940.25,3.13,2
sensor_fusion,milp,3,ok,yes,yes,613,613,13,0,171284.64,4.09,2
sensor_fusion,milp,4,ok,yes,yes,613,613,12,0,3267288.61,5.79,2
sensor_fusion,milp,5,ok,yes,yes,613,613,12,0,1863600.34,4.35,2
sensor_fusion,milp,6,ok,yes,yes,613,613,11,0,711390.59,2.57,2
sensor_fusion,milp,7,ok,yes,yes,613,613,12,0,2038109.01,3.75,2
sensor_fusion,milp,8,ok,yes,yes,613,613,14,0,880582.13,3.55,2
sensor_fusion,milp,9,ok,yes,yes,613,613,10,0,920504.03,3.7,2
sensor_fusion,milp,10,ok,yes,yes,613,613,9,0,114427.17,1.84,2
sensor_fusion,rockclimb,1,ok,yes,yes,613,613,10,0,127685.84,2.22,2
sensor_fusion,rockclimb,2,ok,yes,yes,613,613,13,0,616032.7,3.2,2
sensor_fusion,rockclimb,3,ok,yes,yes,613,613,14,0,184184.97,4.09,2
sensor_fusion,rockclimb,4,ok,yes,yes,613,613,13,0,3405928.91,5.85,2
sensor_fusion,rockclimb,5,ok,yes,yes,613,613,13,0,1887095.56,4.49,2
sensor_fusion,rockclimb,6,ok,yes,yes,613,613,14,0,1043438.13,2.9,2
sensor_fusion,rockclimb,7,ok,yes,yes,613,613,13,0,2061579.74,3.7,2
sensor_fusion,rockclimb,8,ok,yes,yes,613,613,16,0,891736.64,3.49,2
sensor_fusion,rockclimb,9,ok,yes,yes,613,613,12,0,2619764.0,5.48,2
sensor_fusion,rockclimb,10,ok,yes,yes,613,613,10,0,127599.27,1.91,2
sensor_fusion,schematic,1,ok,yes,yes,613,613,14,0,176661.26,2.3,1
sensor_fusion,schematic,2,ok,yes,yes,613,613,16,0,641086.82,3.21,1
sensor_fusion,schematic,3,ok,yes,yes,613,613,20,0,254746.11,4.21,1
sensor_fusion,schematic,4,ok,yes,yes,613,613,18,0,3451840.62,5.97,1
sensor_fusion,schematic,5,ok,yes,yes,613,613,17,1,3112875.05,5.69,1
sensor_fusion,schematic,6,ok,yes,yes,613,613,16,0,1069992.9,2.9,1
sensor_fusion,schematic,7,ok,yes,yes,613,613,16,0,2207868.46,3.9,1
sensor_fusion,schematic,8,ok,yes,yes,613,613,19,0,953241.49,3.59,1
sensor_fusion,schematic,9,ok,yes,yes,613,613,17,1,3340902.28,6.15,1
sensor_fusion,schematic,10,ok,yes,yes,613,613,14,0,176557.99,1.85,1
sensor_fusion,schematicO3,1,ok,yes,yes,613,613,12,0,153312.96,2.23,1
sensor_fusion,schematicO3,2,ok,yes,yes,613,613,16,0,629096.94,3.28,1
sensor_fusion,schematicO3,3,ok,yes,yes,613,613,21,0,253377.5,4.12,1
sensor_fusion,schematicO3,4,ok,yes,yes,613,613,20,0,3438270.88,5.99,1
sensor_fusion,schematicO3,5,ok,yes,yes,613,613,18,1,3111634.59,5.69,1
sensor_fusion,schematicO3,6,ok,yes,yes,613,613,16,0,1068045.39,2.9,1
sensor_fusion,schematicO3,7,ok,yes,yes,613,613,17,0,2208061.15,3.96,1
sensor_fusion,schematicO3,8,ok,yes,yes,613,613,20,0,940517.89,3.58,1
sensor_fusion,schematicO3,9,ok,yes,yes,613,613,16,0,3352963.12,6.12,1
sensor_fusion,schematicO3,10,ok,yes,yes,613,613,12,0,153305.47,1.84,1
poly1305,milp,1,ok,yes,yes,108,108,1,0,21.93,2.09,1
poly1305,milp,2,ok,yes,yes,108,108,1,0,21.95,2.57,1
poly1305,milp,3,ok,yes,yes,108,108,1,0,21.94,3.91,1
poly1305,milp,4,ok,yes,yes,108,108,1,0,21.94,2.59,1
poly1305,milp,5,ok,yes,yes,108,108,1,0,21.94,2.6,1
poly1305,milp,6,ok,yes,yes,108,108,1,0,21.94,1.88,1
poly1305,milp,7,ok,yes,yes,108,108,1,0,21.94,1.77,1
poly1305,milp,8,ok,yes,yes,108,108,2,0,21.94,2.71,1
poly1305,milp,9,ok,yes,yes,108,108,1,0,21.94,2.79,1
poly1305,milp,10,ok,yes,yes,108,108,1,0,21.94,1.77,1
poly1305,rockclimb,1,ok,yes,yes,108,108,1,0,22.25,2.07,0
poly1305,rockclimb,2,ok,yes,yes,108,108,1,0,22.25,2.58,0
poly1305,rockclimb,3,ok,yes,yes,108,108,1,0,22.25,3.89,0
poly1305,rockclimb,4,ok,yes,yes,108,108,1,0,22.26,2.49,0
poly1305,rockclimb,5,ok,yes,yes,108,108,1,0,22.26,2.6,0
poly1305,rockclimb,6,ok,yes,yes,108,108,1,0,22.25,1.89,0
poly1305,rockclimb,7,ok,yes,yes,108,108,1,0,22.25,1.68,0
poly1305,rockclimb,8,ok,yes,yes,108,108,2,0,22.26,2.41,0
poly1305,rockclimb,9,ok,yes,yes,108,108,1,0,22.25,2.79,0
poly1305,rockclimb,10,ok,yes,yes,108,108,1,0,22.25,1.75,0
poly1305,schematic,1,ok,yes,yes,108,108,1,0,2379.58,2.11,5
poly1305,schematic,2,ok,yes,yes,108,108,1,0,2379.49,2.51,5
poly1305,schematic,3,ok,yes,yes,108,108,1,0,2379.65,3.92,5
poly1305,schematic,4,ok,yes,yes,108,108,1,0,2379.58,2.48,5
poly1305,schematic,5,ok,yes,yes,108,108,1,0,2379.67,2.57,5
poly1305,schematic,6,ok,yes,yes,108,108,1,0,2379.74,1.88,5
poly1305,schematic,7,ok,yes,yes,108,108,1,0,2379.43,1.65,5
poly1305,schematic,8,ok,yes,yes,108,108,2,0,2379.5,2.67,5
poly1305,schematic,9,ok,yes,yes,108,108,1,0,2379.65,2.79,5
poly1305,schematic,10,ok,yes,yes,108,108,1,0,2379.56,1.79,5
poly1305,schematicO3,1,ok,yes,yes,108,108,1,0,22.19,2.08,0
poly1305,schematicO3,2,ok,yes,yes,108,108,1,0,22.19,2.57,0
poly1305,schematicO3,3,ok,yes,yes,108,108,1,0,22.19,3.89,0
poly1305,schematicO3,4,ok,yes,yes,108,108,1,0,22.19,2.49,0
poly1305,schematicO3,5,ok,yes,yes,108,108,1,0,22.19,2.47,0
poly1305,schematicO3,6,ok,yes,yes,108,108,1,0,22.19,1.87,0
poly1305,schematicO3,7,ok,yes,yes,108,108,1,0,22.19,1.71,0
poly1305,schematicO3,8,ok,yes,yes,108,108,2,0,22.19,2.69,0
poly1305,schematicO3,9,ok,yes,yes,108,108,1,0,22.19,2.77,0
poly1305,schematicO3,10,ok,yes,yes,108,108,1,0,22.19,1.72,0
cuckoo_filter,milp,1,ok,yes,yes,256,256,2,0,13621.34,2.17,2
cuckoo_filter,milp,2,ok,yes,yes,256,256,2,0,87493.21,2.61,2
cuckoo_filter,milp,3,ok,yes,yes,256,256,2,0,13603.85,3.9,2
cuckoo_filter,milp,4,ok,yes,yes,256,256,2,0,650093.22,3.19,2
cuckoo_filter,milp,5,ok,yes,yes,256,256,2,0,13620.42,2.57,2
cuckoo_filter,milp,6,ok,yes,yes,256,256,2,0,13744.17,1.9,2
cuckoo_filter,milp,7,ok,yes,yes,256,256,1,0,2705.09,1.57,2
cuckoo_filter,milp,8,ok,yes,yes,256,256,3,0,38327.62,2.71,2
cuckoo_filter,milp,9,ok,yes,yes,256,256,2,0,112087.71,2.88,2
cuckoo_filter,milp,10,ok,yes,yes,256,256,2,0,13596.45,1.76,2
cuckoo_filter,rockclimb,1,ok,yes,yes,256,256,8,0,100953.9,2.16,4
cuckoo_filter,rockclimb,2,ok,yes,yes,256,256,11,0,541225.91,3.11,4
cuckoo_filter,rockclimb,3,ok,yes,yes,256,256,15,0,179372.61,4.06,4
cuckoo_filter,rockclimb,4,ok,yes,yes,256,256,17,0,3270101.52,5.79,4
cuckoo_filter,rockclimb,5,ok,yes,yes,256,256,12,0,1865080.24,4.47,4
cuckoo_filter,rockclimb,6,ok,yes,yes,256,256,11,0,700276.79,2.6,4
cuckoo_filter,rockclimb,7,ok,yes,yes,256,256,11,0,2037159.17,3.75,4
cuckoo_filter,rockclimb,8,ok,yes,yes,256,256,17,0,889604.53,3.45,4
cuckoo_filter,rockclimb,9,ok,yes,yes,256,256,10,0,908798.91,3.67,4
cuckoo_filter,rockclimb,10,ok,yes,yes,256,256,7,0,89933.91,1.87,4
cuckoo_filter,schematic,1,ok,yes,yes,256,256,6,0,70450.96,2.18,4
cuckoo_filter,schematic,2,ok,yes,yes,256,256,8,0,425541.36,2.98,4
cuckoo_filter,schematic,3,ok,yes,yes,256,256,6,0,83056.98,4.08,4
cuckoo_filter,schematic,4,ok,yes,yes,256,256,7,0,830106.94,3.39,4
cuckoo_filter,schematic,5,ok,yes,yes,256,256,7,0,81635.17,2.66,4
cuckoo_filter,schematic,6,ok,yes,yes,256,256,8,0,668460.1,2.58,4
cuckoo_filter,schematic,7,ok,yes,yes,256,256,7,0,1848273.65,3.52,4
cuckoo_filter,schematic,8,ok,yes,yes,256,256,11,0,837310.43,3.5,4
cuckoo_filter,schematic,9,ok,yes,yes,256,256,7,0,877439.13,3.71,4
cuckoo_filter,schematic,10,ok,yes,yes,256,256,5,0,59587.08,1.76,4
cuckoo_filter,schematicO3,1,ok,yes,yes,256,256,2,0,14384.78,2.09,3
cuckoo_filter,schematicO3,2,ok,yes,yes,256,256,3,0,234849.77,2.86,3
cuckoo_filter,schematicO3,3,ok,yes,yes,256,256,2,0,14372.41,3.98,3
cuckoo_filter,schematicO3,4,ok,yes,yes,256,256,3,0,660344.82,3.13,3
cuckoo_filter,schematicO3,5,ok,yes,yes,256,256,2,0,14390.99,2.59,3
cuckoo_filter,schematicO3,6,ok,yes,yes,256,256,3,0,25493.04,1.89,3
cuckoo_filter,schematicO3,7,ok,yes,yes,256,256,2,0,14380.59,1.69,3
cuckoo_filter,schematicO3,8,ok,yes,yes,256,256,4,0,37739.29,2.47,3
cuckoo_filter,schematicO3,9,ok,yes,yes,256,256,3,0,724360.17,3.62,3
cuckoo_filter,schematicO3,10,ok,yes,yes,256,256,2,0,14355.92,1.8,3
sha256_fixed,milp,1,ok,yes,yes,244,244,2,0,19036.89,2.15,6
sha256_fixed,milp,2,ok,yes,yes,244,244,3,0,238494.11,2.82,6
sha256_fixed,milp,3,ok,yes,yes,244,244,2,0,19050.95,3.88,6
sha256_fixed,milp,4,ok,yes,yes,244,244,4,1,660477.14,3.26,6
sha256_fixed,milp,5,ok,yes,yes,244,244,2,0,19011.08,2.52,6
sha256_fixed,milp,6,ok,yes,yes,244,244,2,0,19015.27,1.85,6
sha256_fixed,milp,7,ok,yes,yes,244,244,3,0,947897.81,2.71,6
sha256_fixed,milp,8,ok,yes,yes,244,244,3,0,43450.46,2.7,6
sha256_fixed,milp,9,ok,yes,yes,244,244,3,0,825772.21,3.68,6
sha256_fixed,milp,10,ok,yes,yes,244,244,2,0,18957.5,1.79,6
sha256_fixed,rockclimb,1,ok,yes,yes,244,244,7,0,84628.6,2.17,10
sha256_fixed,rockclimb,2,ok,yes,yes,244,244,12,0,546706.89,3.09,10
sha256_fixed,rockclimb,3,ok,yes,yes,244,244,13,0,151271.19,4.09,10
sha256_fixed,rockclimb,4,ok,yes,yes,244,244,11,0,1453499.74,3.91,10
sha256_fixed,rockclimb,5,ok,yes,yes,244,244,10,0,1844149.88,4.39,10
sha256_fixed,rockclimb,6,ok,yes,yes,244,244,12,0,702815.59,2.61,10
sha256_fixed,rockclimb,7,ok,yes,yes,244,244,12,0,2028454.53,3.78,10
sha256_fixed,rockclimb,8,ok,yes,yes,244,244,16,0,882416.51,3.51,10
sha256_fixed,rockclimb,9,ok,yes,yes,244,244,10,0,902112.82,3.7,10
sha256_fixed,rockclimb,10,ok,yes,yes,244,244,7,0,84209.4,1.87,10
sha256_fixed,schematic,1,ok,yes,yes,244,244,4,0,42728.25,2.15,6
sha256_fixed,schematic,2,ok,yes,yes,244,244,5,0,385652.27,2.97,6
sha256_fixed,schematic,3,ok,yes,yes,244,244,3,0,31807.71,3.96,6
sha256_fixed,schematic,4,ok,yes,yes,244,244,5,0,788647.74,3.38,6
sha256_fixed,schematic,5,ok,yes,yes,244,244,4,0,42918.4,2.61,6
sha256_fixed,schematic,6,ok,yes,yes,244,244,3,0,31764.11,1.91,6
sha256_fixed,schematic,7,ok,yes,yes,244,244,5,0,1609629.24,3.39,6
sha256_fixed,schematic,8,ok,yes,yes,244,244,8,0,797645.67,3.45,6
sha256_fixed,schematic,9,ok,yes,yes,244,244,5,0,861244.95,3.65,6
sha256_fixed,schematic,10,ok,yes,yes,244,244,4,0,42796.0,1.85,6
sha256_fixed,schematicO3,1,ok,yes,yes,244,244,3,0,30378.02,2.17,4
sha256_fixed,schematicO3,2,ok,yes,yes,244,244,3,0,239187.88,2.86,4
sha256_fixed,schematicO3,3,ok,yes,yes,244,244,3,0,30363.84,3.93,4
sha256_fixed,schematicO3,4,ok,yes,yes,244,244,3,0,774079.69,3.27,4
sha256_fixed,schematicO3,5,ok,yes,yes,244,244,3,0,30466.88,2.58,4
sha256_fixed,schematicO3,6,ok,yes,yes,244,244,3,0,30443.98,1.87,4
sha256_fixed,schematicO3,7,ok,yes,yes,244,244,3,0,946782.38,2.67,4
sha256_fixed,schematicO3,8,ok,yes,yes,244,244,4,0,763715.28,3.37,4
sha256_fixed,schematicO3,9,ok,yes,yes,244,244,3,0,823859.81,3.63,4
sha256_fixed,schematicO3,10,ok,yes,yes,244,244,3,0,30349.15,1.73,4
stringsearch_fixed,milp,1,ok,yes,yes,20,20,15,0,195335.25,2.28,5
stringsearch_fixed,milp,2,ok,yes,yes,20,20,21,0,705316.37,3.23,5
stringsearch_fixed,milp,3,ok,yes,yes,20,20,25,0,306573.92,4.15,5
stringsearch_fixed,milp,4,ok,yes,yes,20,20,25,0,5238685.13,7.77,5
stringsearch_fixed,milp,5,ok,yes,yes,20,20,22,1,3164907.24,5.65,5
stringsearch_fixed,milp,6,ok,yes,yes,20,20,19,0,1111396.51,2.97,5
stringsearch_fixed,milp,7,ok,yes,yes,20,20,21,0,3070378.24,4.71,5
stringsearch_fixed,milp,8,ok,yes,yes,20,20,26,1,2388693.79,5.07,5
stringsearch_fixed,milp,9,ok,yes,yes,20,20,19,0,3381397.35,6.12,5
stringsearch_fixed,milp,10,ok,yes,yes,20,20,15,0,195066.87,1.95,5
stringsearch_fixed,rockclimb,1,ok,yes,yes,20,20,609,19,48771746.86,50.82,8
stringsearch_fixed,rockclimb,2,ok,yes,yes,20,20,813,15,60649105.41,63.25,8
stringsearch_fixed,rockclimb,3,ok,yes,yes,20,20,1513,14,56538987.04,60.41,8
stringsearch_fixed,rockclimb,4,incomplete,no,,,20,,,,209.59,8
stringsearch_fixed,rockclimb,5,ok,yes,yes,20,20,849,54,167435070.55,170.01,8
stringsearch_fixed,rockclimb,6,ok,yes,yes,20,20,761,14,73326835.21,75.17,8
stringsearch_fixed,rockclimb,7,ok,yes,yes,20,20,795,0,128763235.09,130.51,8
stringsearch_fixed,rockclimb,8,ok,yes,yes,20,20,1182,121,187146437.18,189.73,8
stringsearch_fixed,rockclimb,9,ok,yes,yes,20,20,728,0,180833671.24,183.63,8
stringsearch_fixed,rockclimb,10,ok,yes,yes,20,20,741,123,161628023.13,163.35,8
stringsearch_fixed,schematic,1,ok,yes,yes,20,20,46,1,2684370.54,4.81,6
stringsearch_fixed,schematic,2,ok,yes,yes,20,20,59,1,4325362.96,6.91,6
stringsearch_fixed,schematic,3,ok,yes,yes,20,20,84,0,1305452.47,5.26,6
stringsearch_fixed,schematic,4,ok,yes,yes,20,20,63,0,13936256.96,16.45,6
stringsearch_fixed,schematic,5,ok,yes,yes,20,20,61,3,11185165.0,13.67,6
stringsearch_fixed,schematic,6,ok,yes,yes,20,20,54,1,4695178.15,6.58,6
stringsearch_fixed,schematic,7,ok,yes,yes,20,20,56,0,9028889.63,10.77,6
stringsearch_fixed,schematic,8,ok,yes,yes,20,20,74,6,10154306.97,12.77,6
stringsearch_fixed,schematic,9,ok,yes,yes,20,20,51,1,10910445.66,13.65,6
stringsearch_fixed,schematic,10,ok,yes,yes,20,20,52,6,8061779.88,9.85,6
stringsearch_fixed,schematicO3,1,ok,yes,yes,20,20,17,0,222568.19,2.34,4
stringsearch_fixed,schematicO3,2,ok,yes,yes,20,20,21,0,722558.65,3.35,4
stringsearch_fixed,schematicO3,3,ok,yes,yes,20,20,29,0,356535.47,4.24,4
stringsearch_fixed,schematicO3,4,ok,yes,yes,20,20,29,0,6036410.19,8.49,4
stringsearch_fixed,schematicO3,5,ok,yes,yes,20,20,23,1,3190619.46,5.77,4
stringsearch_fixed,schematicO3,6,ok,yes,yes,20,20,22,0,1125077.85,3.02,4
stringsearch_fixed,schematicO3,7,ok,yes,yes,20,20,21,0,3085789.27,4.78,4
stringsearch_fixed,schematicO3,8,ok,yes,yes,20,20,28,1,2404458.99,4.99,4
stringsearch_fixed,schematicO3,9,ok,yes,yes,20,20,20,0,3424477.75,6.19,4
stringsearch_fixed,schematicO3,10,ok,yes,yes,20,20,22,3,3967698.43,5.69,4
